IncidentID,County,RdwyNumber,Street,RoadwayName,StreetSfx,Latitude,Longitude,Milepoint,CollisionDate,CollisionTime,UnitsInvolved,MotorVehiclesInvolved,NumberKilled,NumberInjured,Weather,RdwyConditionCode,HitandRun,DirAnalysisCode,MannerofCollision,RdwyCharacter,LightCondition,Section,Before/After Construction
30560568,HARDIN,US0031W,,DIXIE,AVE,37.73343258,-85.88660294,19.864,9/8/2022,1322,2,2,0,0,CLEAR,DRY,FALSE,REAR END IN TRAFFIC LANES BOTH VEHICLES MOVING,REAR END,STRAIGHT & LEVEL,DAYLIGHT,KY 3005 to Crutz Lane,After
30572635,HARDIN,US0031W,,DIXIE,AVE,37.73802435,-85.88882789,20.219,9/9/2022,1503,2,2,0,0,CLEAR,DRY,FALSE,OTHER INTERSECTION COLLISIONS,REAR END,STRAIGHT & LEVEL,DAYLIGHT,KY 3005 to Crutz Lane,After
30548434,HARDIN,US0031W,,DIXIE,AVE,37.74552202,-85.89267918,20.756,9/10/2022,1436,2,2,0,0,CLOUDY,DRY,FALSE,MEDIAN CROSS-OVER COLLISION ,SIDESWIPE-SAME DIRECTION,STRAIGHT & GRADE,DAYLIGHT,KY 3005 to Crutz Lane,After
30617823,HARDIN,US0031W,,DIXIE,AVE,37.74129081,-85.89042842,20.431,9/17/2022,2030,2,2,0,0,CLEAR,DRY,FALSE,VEHICLE BACKING IN INTERSECTION,BACKING,STRAIGHT & LEVEL,DARK-HWY LIGHTED/ON,KY 3005 to Crutz Lane,After
30612781,HARDIN,US0031W,,DIXIE,AVE,37.73149427,-85.88572003,19.726,9/21/2022,1300,2,2,0,0,CLEAR,DRY,FALSE,OTHER ROADWAY OR MID-BLOCK COLLISION,REAR END,STRAIGHT & LEVEL,DAYLIGHT,KY 3005 to Crutz Lane,After
30647976,HARDIN,US0031W,,DIXIE,AVE,37.73379451,-85.88672369,19.888,9/27/2022,1725,2,2,0,0,CLEAR,DRY,FALSE,SIDESWIPE-SAME DIRECTION,SIDESWIPE-SAME DIRECTION,STRAIGHT & LEVEL,DAYLIGHT,KY 3005 to Crutz Lane,After
30730802,HARDIN,US0031W,,DIXIE,AVE,37.73358296,-85.8866126,19.873,10/7/2022,1400,2,1,0,0,CLEAR,DRY,FALSE,OTHER ROADWAY OR MID-BLOCK COLLISION,REAR END,STRAIGHT & GRADE,DAYLIGHT,KY 3005 to Crutz Lane,After
30708816,HARDIN,US0031W,,DIXIE,AVE,37.73056535,-85.8851649,19.653,10/11/2022,1514,2,2,0,0,CLOUDY,DRY,FALSE,REAR END IN TRAFFIC LANES BOTH VEHICLES MOVING,REAR END,STRAIGHT & LEVEL,DAYLIGHT,KY 3005 to Crutz Lane,After
30910531,HARDIN,US0031W,,DIXIE,AVE,37.73102094,-85.88561396,19.693,10/13/2022,1530,2,2,0,0,CLEAR,DRY,FALSE,SIDESWIPE COLLISION - SAME DIRECTION,SIDESWIPE-SAME DIRECTION,STRAIGHT & LEVEL,DAYLIGHT,KY 3005 to Crutz Lane,After
30910582,HARDIN,US0031W,,DIXIE,AVE,37.73163324,-85.88596575,19.74,10/14/2022,1301,2,2,0,0,CLEAR,DRY,FALSE,REAR END IN TRAFFIC LANES BOTH VEHICLES MOVING,REAR END,STRAIGHT & LEVEL,DAYLIGHT,KY 3005 to Crutz Lane,After
30806456,HARDIN,US0031W,,DIXIE,AVE,37.72855585,-85.88436605,19.509,10/18/2022,1416,2,2,0,0,CLEAR,DRY,FALSE,OTHER INTERSECTION COLLISIONS,REAR END,STRAIGHT & LEVEL,DAYLIGHT,KY 3005 to Crutz Lane,After
30781413,HARDIN,US0031W,,DIXIE,AVE,37.73425366,-85.88721716,19.944,10/18/2022,1555,2,2,0,0,CLEAR,DRY,FALSE,OTHER INTERSECTION COLLISIONS,REAR END,STRAIGHT & LEVEL,DAYLIGHT,KY 3005 to Crutz Lane,After
30708791,HARDIN,US0031W,,DIXIE,AVE,37.74111635,-85.89060042,20.432,10/18/2022,1752,2,2,0,0,CLEAR,DRY,FALSE,OPPOSING LEFT TURN,OPPOSING LEFT TURN,STRAIGHT & LEVEL,DAYLIGHT,KY 3005 to Crutz Lane,After
31280047,HARDIN,US0031W,,DIXIE,AVE,37.72905866,-85.88437297,19.536,11/4/2022,722,2,1,1,0,CLEAR,DRY,FALSE,COLLISION WITH PEDESTRIAN NON - INTERSECTION,SINGLE VEHICLE,STRAIGHT & LEVEL,DARK-HWY LIGHTED/ON,KY 3005 to Crutz Lane,After
30781414,HARDIN,US0031W,,DIXIE,AVE,37.74172986,-85.89086039,20.477,11/4/2022,1658,2,2,0,0,CLEAR,DRY,FALSE,COLLISION WITH FIXED OBJECT NON - INTERSECTION - FIRST EVENT COLLISION 09 - 32 EXCLUDING 16,REAR END,STRAIGHT & GRADE,DAYLIGHT,KY 3005 to Crutz Lane,After
30838179,HARDIN,US0031W,,DIXIE,AVE,37.74040403,-85.89000353,20.374,11/18/2022,1722,2,2,0,0,CLEAR,DRY,FALSE,OTHER ROADWAY OR MID-BLOCK COLLISION,REAR END,STRAIGHT & LEVEL,DUSK,KY 3005 to Crutz Lane,After
30910518,HARDIN,US0031W,,DIXIE,AVE,37.72839023,-85.88432425,19.498,11/21/2022,1238,2,2,0,0,CLOUDY,DRY,FALSE,SIDESWIPE COLLISION - SAME DIRECTION,SIDESWIPE-SAME DIRECTION,STRAIGHT & LEVEL,DAYLIGHT,KY 3005 to Crutz Lane,After
30910548,HARDIN,US0031W,,DIXIE,AVE,37.73130986,-85.88575432,19.714,11/23/2022,1643,2,2,0,0,CLEAR,DRY,FALSE,REAR END IN TRAFFIC LANES BOTH VEHICLES MOVING,REAR END,STRAIGHT & LEVEL,DAYLIGHT,KY 3005 to Crutz Lane,After
30910532,HARDIN,US0031W,,DIXIE,AVE,37.73266138,-85.88643458,19.816,11/24/2022,1106,2,2,0,0,CLOUDY,DRY,FALSE,SIDESWIPE COLLISION - SAME DIRECTION,SIDESWIPE-SAME DIRECTION,STRAIGHT & LEVEL,DAYLIGHT,KY 3005 to Crutz Lane,After
30959594,HARDIN,US0031W,,DIXIE,AVE,37.74546714,-85.89260268,20.751,12/8/2022,1123,2,1,0,0,RAINING,WET,FALSE,SIDESWIPE COLLISION - SAME DIRECTION,SIDESWIPE-SAME DIRECTION,STRAIGHT & GRADE,DAYLIGHT,KY 3005 to Crutz Lane,After
31016431,HARDIN,US0031W,,DIXIE,AVE,37.73084409,-85.8852676,19.673,12/9/2022,1852,3,3,0,0,CLEAR,DRY,FALSE,OTHER ROADWAY OR MID-BLOCK COLLISION,REAR END,STRAIGHT & LEVEL,DARK-HWY LIGHTED/ON,KY 3005 to Crutz Lane,After
31223302,HARDIN,US0031W,,DIXIE,AVE,37.73428319,-85.88724888,19.948,12/9/2022,1026,2,2,0,0,CLOUDY,DRY,FALSE,SIDESWIPE COLLISION - SAME DIRECTION,SIDESWIPE-SAME DIRECTION,STRAIGHT & LEVEL,DAYLIGHT,KY 3005 to Crutz Lane,After
31016468,HARDIN,US0031W,,DIXIE,AVE,37.73297186,-85.88630702,19.831,12/15/2022,1247,2,2,0,0,CLEAR,DRY,FALSE,REAR END IN TRAFFIC LANES BOTH VEHICLES MOVING,REAR END,STRAIGHT & LEVEL,DAYLIGHT,KY 3005 to Crutz Lane,After
30973442,HARDIN,US0031W,,DIXIE,AVE,37.73259281,-85.88613108,19.805,12/21/2022,1732,2,2,0,0,CLOUDY,DRY,FALSE,OPPOSING LEFT TURN,OPPOSING LEFT TURN,STRAIGHT & LEVEL,DARK-HWY LIGHTED/ON,KY 3005 to Crutz Lane,After
31016459,HARDIN,US0031W,,DIXIE,AVE,37.73564381,-85.88764247,20.08,12/22/2022,1103,2,2,0,0,CLOUDY,WET,FALSE,SIDESWIPE-SAME DIRECTION,SIDESWIPE-SAME DIRECTION,STRAIGHT & LEVEL,DAYLIGHT,KY 3005 to Crutz Lane,After
31223317,HARDIN,US0031W,,DIXIE,AVE,37.74452547,-85.89213232,20.682,12/30/2022,1128,2,2,0,1,CLOUDY,DRY,FALSE,1 VEHICLE ENTERING/LEAVING ENTRANCE,ANGLE,STRAIGHT & LEVEL,DAYLIGHT,KY 3005 to Crutz Lane,After
31014081,HARDIN,US0031W,,DIXIE,AVE,37.74112374,-85.89060355,20.432,1/2/2023,1806,2,2,0,0,CLEAR,WET,FALSE,OTHER INTERSECTION COLLISIONS,REAR END,STRAIGHT & LEVEL,DARK-HWY LIGHTED/ON,KY 3005 to Crutz Lane,After
31317681,HARDIN,US0031W,,DIXIE,AVE,37.73623722,-85.88820808,20.135,1/10/2023,1417,2,2,0,0,CLEAR,DRY,FALSE,ANGLE COLLISION - OTHER,ANGLE,STRAIGHT & GRADE,DAYLIGHT,KY 3005 to Crutz Lane,After
31217323,HARDIN,US0031W,,DIXIE,AVE,37.73412044,-85.88689387,19.923,1/27/2023,1208,2,2,0,0,CLEAR,DRY,FALSE,ANGLE COLLISION - OTHER,ANGLE,STRAIGHT & LEVEL,DAYLIGHT,KY 3005 to Crutz Lane,After
31317712,HARDIN,US0031W,1704,DIXIE,AVE,37.73287615,-85.88655604,19.83,2/3/2023,1624,2,2,0,0,CLEAR,DRY,FALSE,1 VEHICLE PARKED POSITION (NOT PARKING LOT/DRIVEWAY),SIDESWIPE-OPPOSITE DIRECTION,STRAIGHT & LEVEL,DAYLIGHT,KY 3005 to Crutz Lane,After
31231791,HARDIN,US0031W,,DIXIE,AVE,37.73431673,-85.88724948,19.951,2/7/2023,1951,2,2,0,0,CLEAR,DRY,FALSE,REAR END IN TRAFFIC LANES BOTH VEHICLES MOVING,REAR END,STRAIGHT & LEVEL,DARK-HWY LIGHTED/OFF,KY 3005 to Crutz Lane,After
31223349,HARDIN,US0031W,,DIXIE,AVE,37.73406369,-85.88712157,19.872,2/8/2023,906,2,2,0,0,CLOUDY,DRY,FALSE,ANGLE COLLISION - OTHER,ANGLE,STRAIGHT & LEVEL,DAYLIGHT,KY 3005 to Crutz Lane,After
31296704,HARDIN,US0031W,,DIXIE,AVE,37.73264743,-85.88614864,19.801,2/23/2023,1945,2,2,0,0,CLEAR,DRY,FALSE,ANGLE COLLISION - OTHER,ANGLE,STRAIGHT & LEVEL,DARK-HWY LIGHTED/ON,KY 3005 to Crutz Lane,After
31294279,HARDIN,US0031W,,DIXIE,AVE,37.73501656,-85.88761016,20.025,2/24/2023,1451,2,2,0,0,CLEAR,DRY,FALSE,REAR END IN TRAFFIC LANES BOTH VEHICLES MOVING,REAR END,STRAIGHT & LEVEL,DAYLIGHT,KY 3005 to Crutz Lane,After
31294280,HARDIN,US0031W,,DIXIE,AVE,37.72990201,-85.88508903,19.61,2/25/2023,1024,3,3,0,0,CLOUDY,DRY,FALSE,SIDESWIPE COLLISION - SAME DIRECTION,SIDESWIPE-SAME DIRECTION,STRAIGHT & LEVEL,DAYLIGHT,KY 3005 to Crutz Lane,After
31317800,HARDIN,US0031W,,DIXIE,AVE,37.74443779,-85.89216493,20.677,2/26/2023,1524,2,2,0,0,CLEAR,DRY,FALSE,OPPOSING LEFT TURN,OPPOSING LEFT TURN,STRAIGHT & HILLCREST,DAYLIGHT,KY 3005 to Crutz Lane,After
31317819,HARDIN,US0031W,,DIXIE,AVE,37.7341977,-85.88719788,19.889,3/4/2023,1734,2,2,0,0,CLEAR,DRY,FALSE,REAR END IN TRAFFIC LANES BOTH VEHICLES MOVING,REAR END,STRAIGHT & LEVEL,DAYLIGHT,KY 3005 to Crutz Lane,After
31379670,HARDIN,US0031W,,DIXIE,AVE,37.72939287,-85.88454542,19.562,3/5/2023,1726,2,2,0,0,CLEAR,DRY,FALSE,REAR END IN TRAFFIC LANES BOTH VEHICLES MOVING,REAR END,STRAIGHT & LEVEL,DAYLIGHT,KY 3005 to Crutz Lane,After
31364987,HARDIN,US0031W,,DIXIE,AVE,37.74346117,-85.89139325,20.571,3/8/2023,1656,2,2,0,0,CLEAR,DRY,FALSE,REAR END IN TRAFFIC LANES BOTH VEHICLES MOVING,REAR END,STRAIGHT & LEVEL,DAYLIGHT,KY 3005 to Crutz Lane,After
31441968,HARDIN,US0031W,,DIXIE,AVE,37.73388546,-85.88702706,19.898,3/11/2023,1132,2,2,0,0,CLEAR,DRY,FALSE,REAR END IN TRAFFIC LANES BOTH VEHICLES MOVING,REAR END,STRAIGHT & LEVEL,DAYLIGHT,KY 3005 to Crutz Lane,After
31441915,HARDIN,US0031W,,DIXIE,AVE,37.72848664,-85.88433909,19.504,3/15/2023,1412,3,3,0,0,CLEAR,DRY,FALSE,SIDESWIPE COLLISION - SAME DIRECTION,SIDESWIPE-SAME DIRECTION,STRAIGHT & LEVEL,DAYLIGHT,KY 3005 to Crutz Lane,After
31399703,HARDIN,US0031W,,DIXIE,AVE,37.72838606,-85.88430696,19.497,3/16/2023,1305,2,2,0,0,CLEAR,DRY,FALSE,SIDESWIPE COLLISION - SAME DIRECTION,SIDESWIPE-SAME DIRECTION,STRAIGHT & LEVEL,DAYLIGHT,KY 3005 to Crutz Lane,After
31411694,HARDIN,US0031W,,DIXIE,AVE,37.74113158,-85.89053068,20.421,3/16/2023,2119,2,2,0,0,CLEAR,DRY,FALSE,OTHER INTERSECTION COLLISIONS,REAR END,STRAIGHT & LEVEL,DARK-HWY NOT LIGHTED,KY 3005 to Crutz Lane,After
31441926,HARDIN,US0031W,,DIXIE,AVE,37.73338865,-85.88645134,19.859,3/17/2023,1003,2,2,0,1,RAINING,WET,FALSE,OTHER ROADWAY OR MID-BLOCK COLLISION,REAR END,STRAIGHT & LEVEL,DAYLIGHT,KY 3005 to Crutz Lane,After
31441921,HARDIN,US0031W,,DIXIE,AVE,37.73963371,-85.88962054,20.323,3/20/2023,1251,2,2,0,1,CLEAR,DRY,FALSE,OTHER ROADWAY OR MID-BLOCK COLLISION,REAR END,STRAIGHT & GRADE,DAYLIGHT,KY 3005 to Crutz Lane,After
31486430,HARDIN,US0031W,,DIXIE,AVE,37.73942647,-85.88949848,20.31,3/24/2023,1447,2,2,0,0,RAINING,WET,FALSE,REAR END IN TRAFFIC LANES BOTH VEHICLES MOVING,REAR END,STRAIGHT & LEVEL,DAYLIGHT,KY 3005 to Crutz Lane,After
31441937,HARDIN,US0031W,,DIXIE,AVE,37.74135275,-85.89070398,20.449,3/25/2023,1120,2,2,0,0,CLEAR,DRY,TRUE,SIDESWIPE COLLISION - SAME DIRECTION,SIDESWIPE-SAME DIRECTION,STRAIGHT & LEVEL,DAYLIGHT,KY 3005 to Crutz Lane,After
31486405,HARDIN,US0031W,,DIXIE,AVE,37.73957733,-85.88962383,20.32,3/28/2023,1430,3,3,0,1,CLEAR,DRY,FALSE,OTHER ROADWAY OR MID-BLOCK COLLISION,REAR END,STRAIGHT & LEVEL,DAYLIGHT,KY 3005 to Crutz Lane,After
31486350,HARDIN,US0031W,,DIXIE,AVE,37.7334976,-85.8866194,19.868,4/3/2023,1105,2,2,0,0,CLOUDY,DRY,FALSE,SIDESWIPE COLLISION - SAME DIRECTION,SIDESWIPE-SAME DIRECTION,STRAIGHT & LEVEL,DAYLIGHT,KY 3005 to Crutz Lane,After
31486455,HARDIN,US0031W,,DIXIE,AVE,37.72890343,-85.88434089,19.525,4/5/2023,1323,2,2,0,0,CLEAR,DRY,FALSE,OTHER ROADWAY OR MID-BLOCK COLLISION,REAR END,STRAIGHT & LEVEL,DAYLIGHT,KY 3005 to Crutz Lane,After
31566742,HARDIN,US0031W,,DIXIE,AVE,37.74112104,-85.89034743,20.42,4/11/2023,1351,2,2,0,0,CLEAR,DRY,FALSE,OTHER ROADWAY OR MID-BLOCK COLLISION,REAR END,STRAIGHT & LEVEL,DAYLIGHT,KY 3005 to Crutz Lane,After
31641407,HARDIN,US0031W,,DIXIE,AVE,37.74322242,-85.89155847,20.57,4/15/2023,1208,2,2,0,0,CLEAR,DRY,FALSE,SIDESWIPE-SAME DIRECTION,SIDESWIPE-SAME DIRECTION,STRAIGHT & LEVEL,DAYLIGHT,KY 3005 to Crutz Lane,After
31566744,HARDIN,US0031W,,DIXIE,AVE,37.74114225,-85.89035341,20.421,4/18/2023,1623,2,2,0,0,CLEAR,DRY,FALSE,REAR END IN TRAFFIC LANES BOTH VEHICLES MOVING,REAR END,STRAIGHT & LEVEL,DAYLIGHT,KY 3005 to Crutz Lane,After
31585817,HARDIN,US0031W,,DIXIE,AVE,37.7362685,-85.8882181,20.137,4/25/2023,1148,2,2,0,0,CLEAR,DRY,FALSE,SIDESWIPE COLLISION - SAME DIRECTION,SIDESWIPE-SAME DIRECTION,STRAIGHT & LEVEL,DAYLIGHT,KY 3005 to Crutz Lane,After
31675025,HARDIN,US0031W,,DIXIE,AVE,37.74081412,-85.89023126,20.401,4/25/2023,2110,2,2,0,0,CLEAR,DRY,FALSE,REAR END IN TRAFFIC LANES BOTH VEHICLES MOVING,REAR END,STRAIGHT & LEVEL,DARK-HWY LIGHTED/ON,KY 3005 to Crutz Lane,After
31789332,HARDIN,US0031W,,DIXIE,AVE,37.7333262,-85.88671385,19.859,4/26/2023,1631,2,2,0,1,CLEAR,DRY,FALSE,SIDESWIPE COLLISION - SAME DIRECTION,SIDESWIPE-SAME DIRECTION,STRAIGHT & LEVEL,DAYLIGHT,KY 3005 to Crutz Lane,After
31566347,HARDIN,US0031W,,DIXIE,AVE,37.73936738,-85.88945944,20.306,4/27/2023,1807,2,2,0,0,CLOUDY,DRY,FALSE,OTHER ROADWAY OR MID-BLOCK COLLISION,REAR END,STRAIGHT & LEVEL,DAYLIGHT,KY 3005 to Crutz Lane,After
31594209,HARDIN,US0031W,,DIXIE,AVE,37.73139082,-85.88579699,19.72,4/29/2023,2140,2,2,0,0,CLEAR,DRY,FALSE,REAR END IN TRAFFIC LANES BOTH VEHICLES MOVING,REAR END,STRAIGHT & LEVEL,DARK-HWY LIGHTED/ON,KY 3005 to Crutz Lane,After
31632122,HARDIN,US0031W,,DIXIE,AVE,37.73123458,-85.88545369,19.705,5/2/2023,1301,2,2,0,0,CLEAR,DRY,FALSE,OTHER INTERSECTION COLLISIONS,REAR END,STRAIGHT & LEVEL,DAYLIGHT,KY 3005 to Crutz Lane,After
31690510,HARDIN,US0031W,,DIXIE,AVE,37.73912113,-85.88933601,20.289,5/14/2023,1023,2,1,0,0,CLOUDY,DRY,FALSE,OTHER ROADWAY OR MID-BLOCK COLLISION,REAR END,STRAIGHT & GRADE,DAYLIGHT,KY 3005 to Crutz Lane,After
31641461,HARDIN,US0031W,,DIXIE,AVE,37.7434871,-85.89143867,20.597,5/15/2023,1700,2,2,0,0,CLEAR,DRY,FALSE,REAR END IN TRAFFIC LANES BOTH VEHICLES MOVING,REAR END,STRAIGHT & GRADE,DAYLIGHT,KY 3005 to Crutz Lane,After
31738064,HARDIN,US0031W,,DIXIE,AVE,37.73412828,-85.88689239,19.924,5/25/2023,635,2,1,0,1,CLOUDY,DRY,FALSE,ANGLE COLLISION - OTHER,ANGLE,STRAIGHT & LEVEL,DAYLIGHT,KY 3005 to Crutz Lane,After
31743978,HARDIN,US0031W,,DIXIE,AVE,37.73386925,-85.88703677,19.897,6/3/2023,530,1,1,0,0,CLEAR,DRY,FALSE,COLLISION WITH FIXED OBJECT IN INTERSECTION - FIRST EVENT COLLISION 09 - 32,SINGLE VEHICLE,STRAIGHT & LEVEL,DAWN,KY 3005 to Crutz Lane,After
31789324,HARDIN,US0031W,,DIXIE,AVE,37.73445037,-85.88730855,19.965,6/7/2023,1350,2,2,0,0,RAINING,WET,FALSE,REAR END IN TRAFFIC LANES BOTH VEHICLES MOVING,REAR END,STRAIGHT & LEVEL,DAYLIGHT,KY 3005 to Crutz Lane,After
31789366,HARDIN,US0031W,,DIXIE,AVE,37.74044007,-85.89002195,20.376,6/16/2023,1007,3,3,0,0,CLEAR,DRY,FALSE,OTHER ROADWAY OR MID-BLOCK COLLISION,REAR END,STRAIGHT & LEVEL,DAYLIGHT,KY 3005 to Crutz Lane,After
31789375,HARDIN,US0031W,,DIXIE,AVE,37.74281014,-85.89112557,20.546,6/17/2023,1526,2,2,0,0,CLEAR,DRY,FALSE,SIDESWIPE COLLISION - SAME DIRECTION,SIDESWIPE-SAME DIRECTION,STRAIGHT & LEVEL,DAYLIGHT,KY 3005 to Crutz Lane,After
31807907,HARDIN,US0031W,,DIXIE,AVE,37.74275772,-85.89135262,20.553,6/17/2023,1324,3,3,0,0,CLEAR,DRY,FALSE,REAR END IN TRAFFIC LANES BOTH VEHICLES MOVING,REAR END,STRAIGHT & LEVEL,DAYLIGHT,KY 3005 to Crutz Lane,After
31920806,HARDIN,US0031W,,DIXIE,AVE,37.74250765,-85.89127954,20.535,6/18/2023,2204,2,1,1,0,CLOUDY,DRY,FALSE,COLLISION WITH PEDESTRIAN NON - INTERSECTION,SINGLE VEHICLE,STRAIGHT & LEVEL,DARK-HWY LIGHTED/ON,KY 3005 to Crutz Lane,After
31870745,HARDIN,US0031W,,DIXIE,AVE,37.73632039,-85.88827905,20.139,6/24/2023,1457,2,1,0,0,CLEAR,DRY,FALSE,OTHER INTERSECTION COLLISIONS,REAR END,STRAIGHT & LEVEL,DAYLIGHT,KY 3005 to Crutz Lane,After
31889568,HARDIN,US0031W,,DIXIE,AVE,37.73367109,-85.88672215,19.88,6/29/2023,1352,2,2,0,0,CLOUDY,WET,FALSE,SIDESWIPE COLLISION - SAME DIRECTION,SIDESWIPE-SAME DIRECTION,STRAIGHT & LEVEL,DAYLIGHT,KY 3005 to Crutz Lane,After
31889577,HARDIN,US0031W,,DIXIE,AVE,37.73141062,-85.88580754,19.689,7/5/2023,1432,2,2,0,0,CLEAR,DRY,FALSE,REAR END IN TRAFFIC LANES BOTH VEHICLES MOVING,REAR END,STRAIGHT & LEVEL,DAYLIGHT,KY 3005 to Crutz Lane,After
31950559,HARDIN,US0031W,,DIXIE,AVE,37.73291676,-85.88654844,19.833,7/7/2023,1318,1,1,0,1,CLEAR,DRY,FALSE,OCCUPANT FELL FROM MOVING VEHICLE,SINGLE VEHICLE,STRAIGHT & LEVEL,DAYLIGHT,KY 3005 to Crutz Lane,After
31935680,HARDIN,US0031W,,DIXIE,AVE,37.730297,-85.88525663,19.639,7/7/2023,1125,2,1,0,0,CLEAR,DRY,FALSE,OTHER ROADWAY OR MID-BLOCK COLLISION,REAR END,STRAIGHT & LEVEL,DAYLIGHT,KY 3005 to Crutz Lane,After
32181595,HARDIN,US0031W,,DIXIE,AVE,37.74559845,-85.89269241,20.761,7/7/2023,1201,2,2,0,0,CLEAR,DRY,FALSE,SIDESWIPE COLLISION - SAME DIRECTION,SIDESWIPE-SAME DIRECTION,STRAIGHT & LEVEL,DAYLIGHT,KY 3005 to Crutz Lane,After
31920336,HARDIN,US0031W,,DIXIE,AVE,37.73449737,-85.8873422,19.97,7/13/2023,1258,2,2,0,0,CLEAR,DRY,FALSE,1 VEHICLE ENTERING/LEAVING ENTRANCE,ANGLE,STRAIGHT & LEVEL,DAYLIGHT,KY 3005 to Crutz Lane,After
32181621,HARDIN,US0031W,,DIXIE,AVE,37.73651885,-85.8883332,20.15,7/14/2023,1424,2,2,0,0,CLEAR,DRY,FALSE,1 VEHICLE ENTERING/LEAVING ENTRANCE,ANGLE,STRAIGHT & LEVEL,DAYLIGHT,KY 3005 to Crutz Lane,After
32181540,HARDIN,US0031W,,DIXIE,AVE,37.73430705,-85.8872971,19.952,7/22/2023,1353,2,2,0,0,CLEAR,DRY,FALSE,OTHER INTERSECTION COLLISIONS,REAR END,STRAIGHT & LEVEL,DAYLIGHT,KY 3005 to Crutz Lane,After
32181490,HARDIN,US0031W,,DIXIE,AVE,37.73059963,-85.88539684,19.661,7/24/2023,803,2,2,0,0,CLOUDY,DRY,FALSE,REAR END IN TRAFFIC LANES BOTH VEHICLES MOVING,REAR END,STRAIGHT & LEVEL,DAYLIGHT,KY 3005 to Crutz Lane,After
32180986,HARDIN,US0031W,,DIXIE,AVE,37.73131668,-85.88576354,19.715,7/26/2023,1300,2,2,0,0,CLEAR,DRY,TRUE,VEHICLE BACKING NON INTERSECTION,BACKING,STRAIGHT & LEVEL,DAYLIGHT,KY 3005 to Crutz Lane,After
31994506,HARDIN,US0031W,,DIXIE,AVE,37.74345409,-85.89149857,20.569,7/27/2023,1720,2,2,0,0,CLEAR,DRY,FALSE,SIDESWIPE COLLISION - SAME DIRECTION,SIDESWIPE-SAME DIRECTION,STRAIGHT & GRADE,DAYLIGHT,KY 3005 to Crutz Lane,After
32021459,HARDIN,US0031W,,DIXIE,AVE,37.7282661,-85.88424595,19.488,7/30/2023,2341,2,2,0,0,CLEAR,DRY,FALSE,REAR END IN TRAFFIC LANES BOTH VEHICLES MOVING,REAR END,STRAIGHT & LEVEL,DARK-HWY LIGHTED/ON,KY 3005 to Crutz Lane,After
31994505,HARDIN,US0031W,,DIXIE,AVE,37.73080579,-85.88548198,19.676,7/31/2023,1600,2,2,0,0,CLEAR,DRY,FALSE,SIDESWIPE COLLISION - SAME DIRECTION,SIDESWIPE-SAME DIRECTION,STRAIGHT & LEVEL,DAYLIGHT,KY 3005 to Crutz Lane,After
31994508,HARDIN,US0031W,,DIXIE,AVE,37.73171766,-85.88595214,19.745,8/1/2023,1723,2,2,0,0,CLEAR,DRY,FALSE,OTHER ROADWAY OR MID-BLOCK COLLISION,REAR END,STRAIGHT & LEVEL,DAYLIGHT,KY 3005 to Crutz Lane,After
32183484,HARDIN,US0031W,,DIXIE,AVE,37.73131299,-85.88547406,19.709,8/2/2023,2253,2,2,0,0,CLEAR,DRY,FALSE,SIDESWIPE-SAME DIRECTION,SIDESWIPE-SAME DIRECTION,STRAIGHT & LEVEL,DARK-HWY LIGHTED/ON,KY 3005 to Crutz Lane,After
32008772,HARDIN,US0031W,,DIXIE,AVE,37.73319658,-85.88669192,19.852,8/3/2023,1624,2,2,0,0,CLEAR,DRY,FALSE,REAR END IN TRAFFIC LANES BOTH VEHICLES MOVING,REAR END,STRAIGHT & LEVEL,DAYLIGHT,KY 3005 to Crutz Lane,After
32180941,HARDIN,US0031W,,DIXIE,AVE,37.73718039,-85.88837987,20.179,8/7/2023,1401,2,2,0,0,CLEAR,DRY,FALSE,REAR END IN TRAFFIC LANES BOTH VEHICLES MOVING,REAR END,STRAIGHT & LEVEL,DAYLIGHT,KY 3005 to Crutz Lane,After
32180864,HARDIN,US0031W,,DIXIE,AVE,37.73413891,-85.8871235,19.932,8/8/2023,1132,2,2,0,0,CLEAR,DRY,FALSE,OTHER ROADWAY OR MID-BLOCK COLLISION,REAR END,STRAIGHT & LEVEL,DAYLIGHT,KY 3005 to Crutz Lane,After
32181082,HARDIN,US0031W,,DIXIE,AVE,37.73850437,-85.88906052,20.25,8/10/2023,855,2,2,0,0,CLOUDY,DRY,FALSE,SIDESWIPE COLLISION - SAME DIRECTION,SIDESWIPE-SAME DIRECTION,STRAIGHT & LEVEL,DAYLIGHT,KY 3005 to Crutz Lane,After