IncidentID,County,RdwyNumber,Street,RoadwayName,StreetSfx,Latitude,Longitude,Milepoint,CollisionDate,CollisionTime,UnitsInvolved,MotorVehiclesInvolved,NumberKilled,NumberInjured,Weather,RdwyConditionCode,HitandRun,DirAnalysisCode,MannerofCollision,RdwyCharacter,LightCondition,Section,Before/After Construction
33052662,HARDIN,US0031W,,DIXIE,AVE,37.73114738,-85.88541723,19.697,3/25/2024,1723,2,2,0,0,CLOUDY,DRY,FALSE,REAR END IN TRAFFIC LANES BOTH VEHICLES MOVING,REAR END,STRAIGHT & LEVEL,DAYLIGHT,KY 3005 to Crutz Lane,After
33204580,HARDIN,US0031W,,DIXIE,AVE,37.73396226,-85.88707867,19.901,3/29/2024,1434,2,2,0,0,CLEAR,DRY,FALSE,ANGLE COLLISION - OTHER,ANGLE,STRAIGHT & LEVEL,DAYLIGHT,KY 3005 to Crutz Lane,After
33115275,HARDIN,US0031W,,DIXIE,AVE,37.72830046,-85.88426261,19.491,4/4/2024,1453,2,2,0,0,CLOUDY,DRY,FALSE,OTHER ROADWAY OR MID-BLOCK COLLISION,REAR END,STRAIGHT & LEVEL,DAYLIGHT,KY 3005 to Crutz Lane,After
33215794,HARDIN,US0031W,,DIXIE,AVE,37.73201661,-85.88608772,19.767,4/10/2024,1652,3,3,0,1,RAINING,WET,FALSE,REAR END IN TRAFFIC LANES BOTH VEHICLES MOVING,REAR END,STRAIGHT & LEVEL,DAYLIGHT,KY 3005 to Crutz Lane,After
33098088,HARDIN,US0031W,,DIXIE,AVE,37.74456475,-85.89218571,20.685,4/10/2024,1041,2,2,0,0,CLOUDY,WET,FALSE,REAR END IN TRAFFIC LANES BOTH VEHICLES MOVING,REAR END,STRAIGHT & GRADE,DAYLIGHT,KY 3005 to Crutz Lane,After
33202257,HARDIN,US0031W,,DIXIE,AVE,37.73713659,-85.88835396,20.177,4/14/2024,1301,2,2,0,0,CLEAR,DRY,FALSE,SIDESWIPE COLLISION - SAME DIRECTION,SIDESWIPE-SAME DIRECTION,STRAIGHT & HILLCREST,DAYLIGHT,KY 3005 to Crutz Lane,After
33202241,HARDIN,US0031W,,DIXIE,AVE,37.74132056,-85.89078047,20.449,4/23/2024,1153,2,2,0,0,CLEAR,DRY,FALSE,OTHER INTERSECTION COLLISIONS,REAR END,STRAIGHT & LEVEL,DAYLIGHT,KY 3005 to Crutz Lane,After
33198103,HARDIN,US0031W,,DIXIE,AVE,37.74143297,-85.89073414,20.455,4/23/2024,1224,3,1,0,0,CLEAR,DRY,FALSE,REAR END IN TRAFFIC LANES BOTH VEHICLES MOVING,REAR END,STRAIGHT & LEVEL,DAYLIGHT,KY 3005 to Crutz Lane,After
33202269,HARDIN,US0031W,,DIXIE,AVE,37.73033951,-85.88528378,19.642,4/25/2024,619,2,2,0,0,CLEAR,DRY,FALSE,SIDESWIPE COLLISION - SAME DIRECTION,SIDESWIPE-SAME DIRECTION,STRAIGHT & LEVEL,DARK-HWY LIGHTED/ON,KY 3005 to Crutz Lane,After
33230210,HARDIN,US0031W,,DIXIE,AVE,37.72880632,-85.88456619,19.529,4/30/2024,1543,2,2,0,0,CLEAR,DRY,FALSE,1 VEHICLE ENTERING/LEAVING ENTRANCE,ANGLE,STRAIGHT & LEVEL,DAYLIGHT,KY 3005 to Crutz Lane,After
33597445,HARDIN,US0031W,,DIXIE,AVE,37.73823185,-85.88887755,20.213,5/3/2024,1713,2,2,0,0,RAINING,WET,FALSE,REAR END IN TRAFFIC LANES BOTH VEHICLES MOVING,REAR END,STRAIGHT & LEVEL,DAYLIGHT,KY 3005 to Crutz Lane,After
33597452,HARDIN,US0031W,,DIXIE,AVE,37.73416006,-85.88717693,19.935,5/4/2024,1632,2,2,0,0,CLOUDY,DRY,FALSE,OTHER INTERSECTION COLLISIONS,REAR END,STRAIGHT & GRADE,DAYLIGHT,KY 3005 to Crutz Lane,After
33300266,HARDIN,US0031W,,DIXIE,AVE,37.73124538,-85.88546615,19.704,5/12/2024,1919,2,2,0,0,CLEAR,DRY,FALSE,SIDESWIPE-SAME DIRECTION,SIDESWIPE-SAME DIRECTION,STRAIGHT & LEVEL,DAYLIGHT,KY 3005 to Crutz Lane,After
33300275,HARDIN,US0031W,,DIXIE,AVE,37.73920023,-85.88922026,20.292,5/13/2024,1437,2,2,0,0,CLOUDY,DRY,FALSE,REAR END IN TRAFFIC LANES BOTH VEHICLES MOVING,REAR END,STRAIGHT & LEVEL,DAYLIGHT,KY 3005 to Crutz Lane,After
33597460,HARDIN,US0031W,,DIXIE,AVE,37.73255801,-85.88606661,19.801,5/14/2024,1819,2,2,0,0,CLEAR,DRY,FALSE,ANGLE COLLISION - OTHER,ANGLE,STRAIGHT & LEVEL,DAYLIGHT,KY 3005 to Crutz Lane,After
33737519,HARDIN,US0031W,,DIXIE,AVE,37.7338306,-85.88689131,19.88,5/17/2024,1818,2,2,0,1,CLEAR,DRY,TRUE,OPPOSING LEFT TURN,OPPOSING LEFT TURN,STRAIGHT & LEVEL,DAYLIGHT,KY 3005 to Crutz Lane,After
33326483,HARDIN,US0031W,,DIXIE,AVE,37.73303026,-85.8866367,19.841,5/20/2024,1334,2,1,0,0,CLEAR,DRY,FALSE,REAR END IN TRAFFIC LANES BOTH VEHICLES MOVING,REAR END,STRAIGHT & LEVEL,DAYLIGHT,KY 3005 to Crutz Lane,After
33756583,HARDIN,US0031W,,DIXIE,AVE,37.73341843,-85.88679882,19.866,5/20/2024,1324,2,2,0,0,CLEAR,DRY,FALSE,REAR END IN TRAFFIC LANES BOTH VEHICLES MOVING,REAR END,STRAIGHT & LEVEL,DAYLIGHT,KY 3005 to Crutz Lane,After
33493573,HARDIN,US0031W,,DIXIE,AVE,37.74111105,-85.89033521,20.419,5/30/2024,2055,3,3,0,3,CLEAR,DRY,FALSE,OTHER ROADWAY OR MID-BLOCK COLLISION,REAR END,STRAIGHT & LEVEL,DARK-HWY LIGHTED/ON,KY 3005 to Crutz Lane,After
33509093,HARDIN,US0031W,,DIXIE,AVE,37.73119476,-85.88569565,19.703,5/30/2024,2117,2,2,0,1,CLEAR,DRY,FALSE,ANGLE COLLISION - OTHER,ANGLE,STRAIGHT & LEVEL,DAYLIGHT,KY 3005 to Crutz Lane,After
33597370,HARDIN,US0031W,,DIXIE,AVE,37.73666501,-85.88843098,20.158,6/5/2024,1535,2,2,0,0,CLEAR,DRY,FALSE,SIDESWIPE COLLISION - SAME DIRECTION,SIDESWIPE-SAME DIRECTION,STRAIGHT & LEVEL,DAYLIGHT,KY 3005 to Crutz Lane,After
33367385,HARDIN,US0031W,,DIXIE,AVE,37.74377113,-85.89180677,20.627,6/6/2024,1255,2,2,0,0,CLEAR,DRY,FALSE,SIDESWIPE COLLISION - SAME DIRECTION,SIDESWIPE-SAME DIRECTION,STRAIGHT & LEVEL,DAYLIGHT,KY 3005 to Crutz Lane,After
33493554,HARDIN,US0031W,,DIXIE,AVE,37.73092178,-85.88556557,19.685,6/14/2024,1651,2,2,0,0,CLEAR,DRY,FALSE,REAR END IN TRAFFIC LANES BOTH VEHICLES MOVING,REAR END,STRAIGHT & LEVEL,DAYLIGHT,KY 3005 to Crutz Lane,After
33493531,HARDIN,US0031W,,DIXIE,AVE,37.7326001,-85.88641305,19.809,6/14/2024,1707,2,2,0,0,CLEAR,DRY,FALSE,ANGLE COLLISION - OTHER,ANGLE,STRAIGHT & LEVEL,DAYLIGHT,KY 3005 to Crutz Lane,After
33493564,HARDIN,US0031W,,DIXIE,AVE,37.73740094,-85.88851244,20.189,6/18/2024,1623,2,2,0,0,CLEAR,DRY,FALSE,OTHER ROADWAY OR MID-BLOCK COLLISION,REAR END,STRAIGHT & LEVEL,DAYLIGHT,KY 3005 to Crutz Lane,After
33756454,HARDIN,US0031W,,DIXIE,AVE,37.73119754,-85.88544052,19.7,6/23/2024,1500,2,2,0,0,CLOUDY,DRY,FALSE,OTHER ROADWAY OR MID-BLOCK COLLISION,REAR TO REAR,STRAIGHT & LEVEL,DAYLIGHT,KY 3005 to Crutz Lane,After
33493574,HARDIN,US0031W,,DIXIE,AVE,37.72957611,-85.88462786,19.576,6/25/2024,1720,2,2,0,0,CLEAR,DRY,FALSE,REAR END IN TRAFFIC LANES BOTH VEHICLES MOVING,REAR END,STRAIGHT & LEVEL,DAYLIGHT,KY 3005 to Crutz Lane,After
33493548,HARDIN,US0031W,,DIXIE,AVE,37.7401484,-85.8898878,20.357,6/25/2024,1556,2,2,0,0,CLEAR,DRY,FALSE,OTHER ROADWAY OR MID-BLOCK COLLISION,REAR END,STRAIGHT & LEVEL,DAYLIGHT,KY 3005 to Crutz Lane,After
33493571,HARDIN,US0031W,,DIXIE,AVE,37.73484093,-85.88749707,20.006,6/26/2024,1704,2,2,0,0,RAINING,WET,FALSE,REAR END IN TRAFFIC LANES BOTH VEHICLES MOVING,REAR END,STRAIGHT & LEVEL,DAYLIGHT,KY 3005 to Crutz Lane,After
33597405,HARDIN,US0031W,,DIXIE,AVE,37.73803358,-85.88909759,20.223,6/27/2024,1845,2,2,0,0,CLEAR,DRY,FALSE,OTHER INTERSECTION COLLISIONS,REAR END,STRAIGHT & LEVEL,DAYLIGHT,KY 3005 to Crutz Lane,After
33481806,HARDIN,US0031W,,DIXIE,AVE,37.73391077,-85.88704806,19.9,6/28/2024,1253,3,3,0,1,CLEAR,DRY,FALSE,OTHER ROADWAY OR MID-BLOCK COLLISION,REAR END,STRAIGHT & LEVEL,DAYLIGHT,KY 3005 to Crutz Lane,After
33597388,HARDIN,US0031W,,DIXIE,AVE,37.73152715,-85.88589104,19.731,6/28/2024,1427,2,2,0,0,CLEAR,DRY,FALSE,REAR END IN TRAFFIC LANES BOTH VEHICLES MOVING,REAR END,STRAIGHT & LEVEL,DAYLIGHT,KY 3005 to Crutz Lane,After
33597407,HARDIN,US0031W,,DIXIE,AVE,37.73380073,-85.88670683,19.887,6/30/2024,1320,2,2,0,0,CLOUDY,DRY,FALSE,OTHER INTERSECTION COLLISIONS,REAR END,STRAIGHT & LEVEL,DAYLIGHT,KY 3005 to Crutz Lane,After
33756467,HARDIN,US0031W,,DIXIE,AVE,37.74140485,-85.8907016,20.453,6/30/2024,1425,2,2,0,0,CLOUDY,WET,FALSE,REAR END IN TRAFFIC LANES BOTH VEHICLES MOVING,REAR END,STRAIGHT & HILLCREST,DAYLIGHT,KY 3005 to Crutz Lane,After
33597415,HARDIN,US0031W,,DIXIE,AVE,37.73786529,-85.88876076,20.212,7/6/2024,1319,2,2,0,0,CLEAR,DRY,FALSE,SIDESWIPE COLLISION - SAME DIRECTION,SIDESWIPE-SAME DIRECTION,STRAIGHT & LEVEL,DAYLIGHT,KY 3005 to Crutz Lane,After
33577212,HARDIN,US0031W,,DIXIE,AVE,37.73135789,-85.88577481,19.718,7/8/2024,1442,2,2,0,0,CLEAR,DRY,FALSE,OTHER ROADWAY OR MID-BLOCK COLLISION,REAR END,STRAIGHT & LEVEL,DAYLIGHT,KY 3005 to Crutz Lane,After
33547171,HARDIN,US0031W,,DIXIE,AVE,37.73437679,-85.88727853,19.957,7/8/2024,1115,2,2,0,0,CLEAR,DRY,FALSE,OTHER ROADWAY OR MID-BLOCK COLLISION,REAR END,STRAIGHT & LEVEL,DAYLIGHT,KY 3005 to Crutz Lane,After
33756460,HARDIN,US0031W,,DIXIE,AVE,37.74118487,-85.89063284,20.437,7/11/2024,802,2,2,0,0,CLEAR,DRY,FALSE,1 VEHICLE ENTERING/LEAVING ENTRANCE,ANGLE,STRAIGHT & LEVEL,DAYLIGHT,KY 3005 to Crutz Lane,After
33577205,HARDIN,US0031W,,DIXIE,AVE,37.73121569,-85.8854425,19.706,7/12/2024,1158,2,2,0,0,CLEAR,DRY,FALSE,REAR END IN TRAFFIC LANES BOTH VEHICLES MOVING,REAR END,STRAIGHT & LEVEL,DAYLIGHT,KY 3005 to Crutz Lane,After
33736447,HARDIN,US0031W,,DIXIE,AVE,37.73129578,-85.88577227,19.695,7/14/2024,1420,2,2,0,0,CLEAR,DRY,FALSE,ANGLE COLLISION - OTHER,ANGLE,STRAIGHT & LEVEL,DAYLIGHT,KY 3005 to Crutz Lane,After
33756614,HARDIN,US0031W,,DIXIE,AVE,37.73802861,-85.88882816,20.219,7/19/2024,1744,3,3,0,0,CLEAR,DRY,FALSE,ANGLE COLLISION - OTHER,ANGLE,STRAIGHT & LEVEL,DAYLIGHT,KY 3005 to Crutz Lane,After
33577224,HARDIN,US0031W,,DIXIE,AVE,37.73123279,-85.8857179,19.7,7/23/2024,1552,2,2,0,0,CLOUDY,DRY,FALSE,REAR END IN TRAFFIC LANES BOTH VEHICLES MOVING,REAR END,STRAIGHT & LEVEL,DAYLIGHT,KY 3005 to Crutz Lane,After
33756608,HARDIN,US0031W,,DIXIE,AVE,37.73189784,-85.8859487,19.757,7/23/2024,1347,2,2,0,0,CLEAR,DRY,FALSE,OTHER ROADWAY OR MID-BLOCK COLLISION,REAR END,STRAIGHT & LEVEL,DAYLIGHT,KY 3005 to Crutz Lane,After
33594787,HARDIN,US0031W,,DIXIE,AVE,37.74582073,-85.89250419,20.772,7/28/2024,1134,1,1,0,1,RAINING,WET,FALSE,COLLISION WITH FIXED OBJECT IN INTERSECTION - FIRST EVENT COLLISION 09 - 32,SINGLE VEHICLE,STRAIGHT & GRADE,DAYLIGHT,KY 3005 to Crutz Lane,After
33756615,HARDIN,US0031W,,DIXIE,AVE,37.73161938,-85.88591312,19.738,7/29/2024,1425,3,3,0,1,CLEAR,DRY,FALSE,REAR END IN TRAFFIC LANES BOTH VEHICLES MOVING,REAR END,STRAIGHT & LEVEL,DAYLIGHT,KY 3005 to Crutz Lane,After
33756625,HARDIN,US0031W,,DIXIE,AVE,37.72832311,-85.88427418,19.492,8/1/2024,800,2,2,0,0,RAINING,WET,FALSE,REAR END IN TRAFFIC LANES BOTH VEHICLES MOVING,REAR END,STRAIGHT & LEVEL,DAYLIGHT,KY 3005 to Crutz Lane,After
33736437,HARDIN,US0031W,,DIXIE,AVE,37.73188257,-85.88601537,19.757,8/15/2024,554,2,2,0,0,CLEAR,DRY,FALSE,REAR END IN TRAFFIC LANES BOTH VEHICLES MOVING,REAR END,STRAIGHT & LEVEL,DARK-HWY NOT LIGHTED,KY 3005 to Crutz Lane,After
33736436,HARDIN,US0031W,,DIXIE,AVE,37.73416383,-85.88688766,19.92,8/15/2024,1301,2,2,0,0,CLEAR,DRY,TRUE,ANGLE COLLISION - ONE VEHICLE TURNING LEFT,ANGLE,STRAIGHT & LEVEL,DAYLIGHT,KY 3005 to Crutz Lane,After
33676369,HARDIN,US0031W,,DIXIE,AVE,37.73771331,-85.88864528,20.204,8/15/2024,2323,2,2,0,0,CLEAR,DRY,FALSE,REAR END IN TRAFFIC LANES BOTH VEHICLES MOVING,REAR END,STRAIGHT & LEVEL,DARK-HWY LIGHTED/ON,KY 3005 to Crutz Lane,After
33911950,HARDIN,US0031W,,DIXIE,AVE,37.73317874,-85.88673561,19.851,8/20/2024,1556,2,2,0,0,CLEAR,DRY,FALSE,SIDESWIPE COLLISION - SAME DIRECTION,SIDESWIPE-SAME DIRECTION,STRAIGHT & LEVEL,DAYLIGHT,KY 3005 to Crutz Lane,After
33756410,HARDIN,US0031W,,DIXIE,AVE,37.7344235,-85.8872982,19.962,8/24/2024,1442,2,2,0,0,CLEAR,DRY,FALSE,REAR END IN TRAFFIC LANES BOTH VEHICLES MOVING,REAR END,STRAIGHT & LEVEL,DAYLIGHT,KY 3005 to Crutz Lane,After
33737513,HARDIN,US0031W,,DIXIE,AVE,37.7456684,-85.89268321,20.765,8/27/2024,1551,2,2,0,0,CLEAR,DRY,FALSE,1 VEHICLE ENTERING/LEAVING ENTRANCE,ANGLE,STRAIGHT & LEVEL,DAYLIGHT,KY 3005 to Crutz Lane,After
33736471,HARDIN,US0031W,,DIXIE,AVE,37.73813293,-85.88913523,20.23,8/28/2024,1119,2,2,0,0,CLEAR,DRY,FALSE,SIDESWIPE COLLISION - SAME DIRECTION,SIDESWIPE-SAME DIRECTION,STRAIGHT & LEVEL,DAYLIGHT,KY 3005 to Crutz Lane,After
33911968,HARDIN,US0031W,,DIXIE,AVE,37.73276435,-85.8864823,19.822,8/29/2024,1941,2,2,0,0,CLEAR,DRY,FALSE,REAR END IN TRAFFIC LANES BOTH VEHICLES MOVING,REAR END,STRAIGHT & LEVEL,DAYLIGHT,KY 3005 to Crutz Lane,After
19725687,HARDIN,US0031W,,DIXIE,AVE,37.74165,-85.8906,20.458,4/29/2017,1550,5,5,0,3,CLEAR,DRY,FALSE,HEAD-ON COLLISION,HEAD ON,STRAIGHT & GRADE,DAYLIGHT,KY 3005 to Crutz Lane,Before
20927180,HARDIN,US0031W,,DIXIE,AVE,37.7422928,-85.8910266,20.517,11/9/2017,1250,2,2,0,3,CLEAR,DRY,FALSE,,REAR END,STRAIGHT & GRADE,DAYLIGHT,KY 3005 to Crutz Lane,Before
19661658,HARDIN,US0031W,,DIXIE,AVE,37.7457555,-85.8927278,20.772,5/2/2017,1540,3,3,0,2,CLEAR,DRY,FALSE,OPPOSING LEFT TURN,OPPOSING LEFT TURN,STRAIGHT & LEVEL,DAYLIGHT,KY 3005 to Crutz Lane,Before
19789810,HARDIN,US0031W,,DIXIE,AVE,37.7395164,-85.8895431,20.315,5/12/2017,1237,2,2,0,2,RAINING,WET,FALSE,1 VEHICLE ENTERING/LEAVING ENTRANCE,ANGLE,STRAIGHT & LEVEL,DAYLIGHT,KY 3005 to Crutz Lane,Before
20218066,HARDIN,US0031W,,DIXIE,AVE,37.74130124,-85.89044861,20.431,7/3/2017,2227,2,2,0,2,CLOUDY,DRY,FALSE,ANGLE COLLISION - ONE VEHICLE TURNING LEFT,ANGLE,STRAIGHT & HILLCREST,DARK-HWY LIGHTED/ON,KY 3005 to Crutz Lane,Before
20693376,HARDIN,US0031W,,DIXIE,AVE,37.7282967,-85.8840206,19.479,10/7/2017,1743,2,2,0,2,CLEAR,DRY,FALSE,,OPPOSING LEFT TURN,STRAIGHT & LEVEL,DAYLIGHT,KY 3005 to Crutz Lane,Before
20956878,HARDIN,US0031W,,DIXIE,AVE,37.7406421,-85.8901246,20.389,11/1/2017,2039,2,2,0,2,CLEAR,DRY,FALSE,,REAR END,STRAIGHT & GRADE,DARK-HWY LIGHTED/ON,KY 3005 to Crutz Lane,Before
22976169,HARDIN,US0031W,,DIXIE,AVE,37.7329445,-85.8865551,19.834,12/15/2017,2104,2,2,0,2,CLEAR,DRY,FALSE,,REAR END,STRAIGHT & LEVEL,DARK-HWY LIGHTED/ON,KY 3005 to Crutz Lane,Before
23422087,HARDIN,US0031W,,DIXIE,AVE,37.72822314,-85.88421959,19.485,5/14/2018,752,2,2,0,2,CLEAR,DRY,FALSE,OTHER INTERSECTION COLLISIONS,REAR END,STRAIGHT & LEVEL,DAYLIGHT,KY 3005 to Crutz Lane,Before
23674343,HARDIN,US0031W,,DIXIE,AVE,37.73483778,-85.88733299,20,6/15/2018,1403,3,1,0,2,CLEAR,DRY,FALSE,1 VEHICLE ENTERING/LEAVING ENTRANCE,ANGLE,STRAIGHT & GRADE,DAYLIGHT,KY 3005 to Crutz Lane,Before
23976934,HARDIN,US0031W,,DIXIE,AVE,37.74161213,-85.89084752,20.469,9/5/2018,130,2,2,0,2,CLEAR,DRY,FALSE,REAR END IN TRAFFIC LANES BOTH VEHICLES MOVING,REAR END,STRAIGHT & GRADE,DARK-HWY LIGHTED/ON,KY 3005 to Crutz Lane,Before
19173016,HARDIN,US0031W,,DIXIE,AVE,37.7368737,-85.888074,20.163,2/24/2017,1151,2,2,0,1,CLEAR,DRY,FALSE,REAR END IN TRAFFIC LANES BOTH VEHICLES MOVING,REAR END,STRAIGHT & GRADE,DAYLIGHT,KY 3005 to Crutz Lane,Before
19229922,HARDIN,US0031W,,DIXIE,AVE,37.7380239,-85.8888256,20.219,2/26/2017,1559,2,2,0,1,CLEAR,DRY,FALSE,REAR END IN TRAFFIC LANES BOTH VEHICLES MOVING,REAR END,STRAIGHT & GRADE,DAYLIGHT,KY 3005 to Crutz Lane,Before
19218607,HARDIN,US0031W,,DIXIE,AVE,37.7340626,-85.8868179,19.906,3/1/2017,1859,3,3,0,1,CLEAR,DRY,FALSE,OPPOSING LEFT TURN,OPPOSING LEFT TURN,STRAIGHT & GRADE,DUSK,KY 3005 to Crutz Lane,Before
20004256,HARDIN,US0031W,,DIXIE,AVE,37.7302179,-85.8850337,19.627,5/27/2017,1210,2,2,0,1,CLOUDY,DRY,FALSE,ANGLE COLLISION - BOTH VEHICLES GOING STRAIGHT,ANGLE,STRAIGHT & LEVEL,DAYLIGHT,KY 3005 to Crutz Lane,Before
19937007,HARDIN,US0031W,,DIXIE,AVE,37.74137099,-85.89080136,20.416,6/2/2017,240,1,1,0,1,CLEAR,DRY,FALSE,COLLISION WITH FIXED OBJECT IN INTERSECTION - FIRST EVENT COLLISION 09 - 32,SINGLE VEHICLE,STRAIGHT & LEVEL,DARK-HWY LIGHTED/ON,KY 3005 to Crutz Lane,Before
20048921,HARDIN,US0031W,,DIXIE,AVE,37.73982472,-85.88971428,20.336,6/15/2017,1558,3,3,0,1,CLOUDY,DRY,FALSE,REAR END IN TRAFFIC LANES BOTH VEHICLES MOVING,REAR END,STRAIGHT & LEVEL,DAYLIGHT,KY 3005 to Crutz Lane,Before
22633943,HARDIN,US0031W,1600,DIXIE,AVE,37.73628007,-85.88795204,20.133,11/21/2017,1312,2,2,0,1,CLEAR,DRY,FALSE,OTHER ROADWAY OR MID-BLOCK COLLISION,REAR END,STRAIGHT & HILLCREST,DAYLIGHT,KY 3005 to Crutz Lane,Before
21079819,HARDIN,US0031W,,DIXIE,AVE,37.745774,-85.8924891,20.772,12/2/2017,2136,2,2,0,1,CLEAR,DRY,FALSE,,ANGLE,STRAIGHT & LEVEL,DARK-HWY LIGHTED/ON,KY 3005 to Crutz Lane,Before
22725584,HARDIN,US0031W,,DIXIE,AVE,37.74113826,-85.89034872,20.421,1/5/2018,1419,3,3,0,1,CLEAR,DRY,FALSE,OTHER ROADWAY OR MID-BLOCK COLLISION,REAR END,STRAIGHT & GRADE,DAYLIGHT,KY 3005 to Crutz Lane,Before
22793401,HARDIN,US0031W,,DIXIE,AVE,37.737425,-85.88850206,20.19,1/19/2018,1833,3,3,0,1,CLEAR,DRY,FALSE,REAR END IN TRAFFIC LANES BOTH VEHICLES MOVING,REAR END,STRAIGHT & GRADE,DARK-HWY LIGHTED/ON,KY 3005 to Crutz Lane,Before
22797687,HARDIN,US0031W,,DIXIE,AVE,37.7325103,-85.8863535,19.805,1/25/2018,1252,3,3,0,1,CLEAR,DRY,FALSE,,REAR END,STRAIGHT & LEVEL,DAYLIGHT,KY 3005 to Crutz Lane,Before
23121406,HARDIN,US0031W,,DIXIE,AVE,37.74273168,-85.89108042,20.54,3/19/2018,146,2,2,0,1,CLOUDY,DRY,FALSE,REAR END IN TRAFFIC LANES BOTH VEHICLES MOVING,REAR END,STRAIGHT & HILLCREST,DARK-HWY NOT LIGHTED,KY 3005 to Crutz Lane,Before
23457921,HARDIN,US0031W,,DIXIE,AVE,37.74583073,-85.89250785,20.773,4/14/2018,1638,3,3,0,1,CLOUDY,WET,FALSE,ANGLE COLLISION - ONE VEHICLE TURNING LEFT,ANGLE,STRAIGHT & LEVEL,DAYLIGHT,KY 3005 to Crutz Lane,Before
23372059,HARDIN,US0031W,,DIXIE,AVE,37.7340556,-85.88710448,19.872,4/27/2018,1327,2,2,0,1,CLEAR,DRY,FALSE,OPPOSING LEFT TURN,OPPOSING LEFT TURN,STRAIGHT & LEVEL,DAYLIGHT,KY 3005 to Crutz Lane,Before
23384890,HARDIN,US0031W,,DIXIE,AVE,37.73124048,-85.88546694,19.704,5/1/2018,707,2,2,0,1,CLEAR,DRY,FALSE,ANGLE COLLISION - ONE VEHICLE TURNING LEFT,ANGLE,STRAIGHT & LEVEL,DAYLIGHT,KY 3005 to Crutz Lane,Before
23392693,HARDIN,US0031W,,DIXIE,AVE,37.73170054,-85.8859474,19.744,5/5/2018,1120,3,3,0,1,RAINING,WET,FALSE,REAR END IN TRAFFIC LANES BOTH VEHICLES MOVING,REAR END,STRAIGHT & LEVEL,DAYLIGHT,KY 3005 to Crutz Lane,Before
23764091,HARDIN,US0031W,,DIXIE,AVE,37.72923694,-85.88470697,19.56,8/1/2018,1547,2,2,0,1,CLOUDY,DRY,FALSE,OTHER ROADWAY OR MID-BLOCK COLLISION,REAR END,STRAIGHT & LEVEL,DAYLIGHT,KY 3005 to Crutz Lane,Before
26298803,HARDIN,US0031W,,DIXIE,AVE,37.7291317,-85.8846603,19.552,9/12/2018,1713,2,1,0,1,CLEAR,DRY,FALSE,REAR END IN TRAFFIC LANES BOTH VEHICLES MOVING,REAR END,STRAIGHT & LEVEL,DAYLIGHT,KY 3005 to Crutz Lane,Before
32127484,HARDIN,US0031W,,DIXIE,AVE,37.73801742,-85.88882518,20.219,9/22/2018,1709,2,1,0,1,RAINING,WET,TRUE,OTHER ROADWAY OR MID-BLOCK COLLISION,REAR END,STRAIGHT & LEVEL,DAYLIGHT,KY 3005 to Crutz Lane,Before
24178165,HARDIN,US0031W,,DIXIE,AVE,37.7283491,-85.88426756,19.494,10/13/2018,2210,2,1,0,1,RAINING,DRY,TRUE,COLLISION WITH PEDESTRIAN NON - INTERSECTION,SINGLE VEHICLE,STRAIGHT & LEVEL,DARK-HWY LIGHTED/ON,KY 3005 to Crutz Lane,Before
24200636,HARDIN,US0031W,,DIXIE,AVE,37.74582255,-85.89249386,20.773,10/13/2018,1741,2,2,0,1,CLEAR,DRY,FALSE,OPPOSING LEFT TURN,OPPOSING LEFT TURN,STRAIGHT & LEVEL,DAYLIGHT,KY 3005 to Crutz Lane,Before
24425427,HARDIN,US0031W,,DIXIE,AVE,37.72893234,-85.88453806,19.537,12/25/2018,1840,2,2,0,1,CLEAR,DRY,FALSE,REAR END IN TRAFFIC LANES BOTH VEHICLES MOVING,REAR END,STRAIGHT & LEVEL,DARK-HWY LIGHTED/ON,KY 3005 to Crutz Lane,Before
24425431,HARDIN,US0031W,,DIXIE,AVE,37.74598747,-85.89285835,20.79,12/27/2018,1146,3,3,0,1,CLOUDY,WET,TRUE,REAR END IN TRAFFIC LANES BOTH VEHICLES MOVING,REAR END,STRAIGHT & LEVEL,DAYLIGHT,KY 3005 to Crutz Lane,Before
18886480,HARDIN,US0031W,,DIXIE,AVE,37.7327531,-85.8864722,19.822,1/2/2017,1357,2,2,0,0,RAINING,WET,FALSE,REAR END IN TRAFFIC LANES BOTH VEHICLES MOVING,REAR END,STRAIGHT & LEVEL,DAYLIGHT,KY 3005 to Crutz Lane,Before
18865551,HARDIN,US0031W,,DIXIE,AVE,37.7312489,-85.8854583,19.704,1/8/2017,0,2,2,0,0,CLEAR,DRY,FALSE,SIDESWIPE-SAME DIRECTION,SIDESWIPE-SAME DIRECTION,STRAIGHT & LEVEL,DARK-HWY LIGHTED/ON,KY 3005 to Crutz Lane,Before