IncidentID,County,RdwyNumber,Street,RoadwayName,StreetSfx,Latitude,Longitude,Milepoint,CollisionDate,CollisionTime,UnitsInvolved,MotorVehiclesInvolved,NumberKilled,NumberInjured,Weather,RdwyConditionCode,HitandRun,DirAnalysisCode,MannerofCollision,RdwyCharacter,LightCondition,Section,Before/After Construction
20565582,HARDIN,US0031W,,DIXIE,AVE,37.73348094,-85.88684054,19.871,9/16/2017,1346,2,2,0,0,CLEAR,DRY,FALSE,OTHER ROADWAY OR MID-BLOCK COLLISION,REAR END,STRAIGHT & LEVEL,DAYLIGHT,KY 3005 to Crutz Lane,Before
20684693,HARDIN,US0031W,,DIXIE,AVE,37.73266295,-85.88642052,19.792,9/18/2017,1617,2,2,0,0,CLEAR,DRY,FALSE,OTHER ROADWAY OR MID-BLOCK COLLISION,OPPOSING LEFT TURN,STRAIGHT & LEVEL,DAYLIGHT,KY 3005 to Crutz Lane,Before
20641201,HARDIN,US0031W,,DIXIE,AVE,37.7412253,-85.8906585,20.44,9/20/2017,1332,2,2,0,0,CLEAR,DRY,TRUE,,REAR TO REAR,STRAIGHT & LEVEL,DAYLIGHT,KY 3005 to Crutz Lane,Before
20646318,HARDIN,US0031W,,DIXIE,AVE,37.73117521,-85.88569122,19.704,9/22/2017,654,3,3,0,0,CLEAR,DRY,FALSE,ANGLE COLLISION - ONE VEHICLE TURNING LEFT,ANGLE,STRAIGHT & LEVEL,DARK-HWY NOT LIGHTED,KY 3005 to Crutz Lane,Before
20610709,HARDIN,US0031W,,DIXIE,AVE,37.7415509,-85.8905107,20.45,9/22/2017,1250,2,2,0,0,CLEAR,DRY,FALSE,,REAR END,STRAIGHT & GRADE,DAYLIGHT,KY 3005 to Crutz Lane,Before
20607275,HARDIN,US0031W,,DIXIE,AVE,37.72839446,-85.88429088,19.497,9/23/2017,949,2,2,0,0,CLEAR,DRY,FALSE,REAR END IN TRAFFIC LANES BOTH VEHICLES MOVING,REAR END,STRAIGHT & LEVEL,DAYLIGHT,KY 3005 to Crutz Lane,Before
20693367,HARDIN,US0031W,,DIXIE,AVE,37.7284907,-85.8843572,19.505,10/3/2017,1158,2,2,0,0,CLEAR,DRY,FALSE,,ANGLE,STRAIGHT & LEVEL,DAYLIGHT,KY 3005 to Crutz Lane,Before
20693370,HARDIN,US0031W,,DIXIE,AVE,37.7312452,-85.8854638,19.704,10/6/2017,1407,2,2,0,0,CLEAR,DRY,FALSE,,ANGLE,STRAIGHT & LEVEL,DAYLIGHT,KY 3005 to Crutz Lane,Before
20684706,HARDIN,US0031W,,DIXIE,AVE,37.74161824,-85.8908296,20.469,10/6/2017,1535,2,2,0,0,CLEAR,DRY,FALSE,1 VEHICLE ENTERING/LEAVING ENTRANCE,ANGLE,STRAIGHT & GRADE,DAYLIGHT,KY 3005 to Crutz Lane,Before
20861314,HARDIN,US0031W,,DIXIE,AVE,37.73670111,-85.88835518,20.158,10/19/2017,1943,2,2,0,0,CLEAR,DRY,FALSE,SIDESWIPE COLLISION - SAME DIRECTION,SIDESWIPE-SAME DIRECTION,STRAIGHT & GRADE,DARK-HWY LIGHTED/ON,KY 3005 to Crutz Lane,Before
20770587,HARDIN,US0031W,,DIXIE,AVE,37.7332066,-85.8866961,19.852,10/20/2017,1112,2,2,0,0,CLEAR,DRY,FALSE,,REAR END,STRAIGHT & LEVEL,DAYLIGHT,KY 3005 to Crutz Lane,Before
20811887,HARDIN,US0031W,,DIXIE,AVE,37.7410998,-85.8905851,20.431,10/22/2017,2133,2,2,0,0,CLEAR,DRY,FALSE,,OPPOSING LEFT TURN,STRAIGHT & GRADE,DARK-HWY LIGHTED/ON,KY 3005 to Crutz Lane,Before
20854464,HARDIN,US0031W,,DIXIE,AVE,37.73235132,-85.88599687,19.787,10/23/2017,1538,2,2,0,0,RAINING,WET,FALSE,1 VEHICLE ENTERING/LEAVING ENTRANCE,ANGLE,STRAIGHT & LEVEL,DAYLIGHT,KY 3005 to Crutz Lane,Before
20785661,HARDIN,US0031W,,DIXIE,AVE,37.7375715,-85.8885548,20.197,10/23/2017,820,2,2,0,0,RAINING,WET,FALSE,,REAR END,STRAIGHT & GRADE,DAYLIGHT,KY 3005 to Crutz Lane,Before
20875240,HARDIN,US0031W,,DIXIE,AVE,37.73473026,-85.88744691,19.994,11/2/2017,1626,3,3,0,0,CLOUDY,DRY,FALSE,OTHER ROADWAY OR MID-BLOCK COLLISION,REAR END,STRAIGHT & LEVEL,DAYLIGHT,KY 3005 to Crutz Lane,Before
20859183,HARDIN,US0031W,,DIXIE,AVE,37.74519133,-85.89221475,20.725,11/2/2017,1922,2,2,0,0,CLEAR,DRY,FALSE,REAR END IN TRAFFIC LANES BOTH VEHICLES MOVING,REAR END,STRAIGHT & LEVEL,DUSK,KY 3005 to Crutz Lane,Before
20859170,HARDIN,US0031W,,DIXIE,AVE,37.74581364,-85.89275416,20.768,11/2/2017,1912,3,3,0,0,CLOUDY,DRY,FALSE,OTHER INTERSECTION COLLISIONS,REAR END,STRAIGHT & LEVEL,DARK-HWY LIGHTED/ON,KY 3005 to Crutz Lane,Before
20867320,HARDIN,US0031W,,DIXIE,AVE,37.7330965,-85.88648167,19.842,11/4/2017,1505,2,2,0,0,CLOUDY,DRY,FALSE,SIDESWIPE COLLISION - SAME DIRECTION,SIDESWIPE-SAME DIRECTION,STRAIGHT & LEVEL,DAYLIGHT,KY 3005 to Crutz Lane,Before
20864785,HARDIN,US0031W,,DIXIE,AVE,37.73375388,-85.88697149,19.889,11/4/2017,1931,2,2,0,0,CLEAR,DRY,FALSE,REAR END IN TRAFFIC LANES BOTH VEHICLES MOVING,REAR END,STRAIGHT & LEVEL,DARK-HWY LIGHTED/ON,KY 3005 to Crutz Lane,Before
20864786,HARDIN,US0031W,,DIXIE,AVE,37.74621273,-85.892962,20.807,11/4/2017,1305,2,2,0,0,CLOUDY,DRY,FALSE,OTHER ROADWAY OR MID-BLOCK COLLISION,REAR END,STRAIGHT & LEVEL,DAYLIGHT,KY 3005 to Crutz Lane,Before
20950753,HARDIN,US0031W,,DIXIE,AVE,37.73118598,-85.88569564,19.703,11/17/2017,1449,2,2,0,0,CLEAR,DRY,FALSE,ANGLE COLLISION - OTHER,ANGLE,STRAIGHT & LEVEL,DAYLIGHT,KY 3005 to Crutz Lane,Before
20950701,HARDIN,US0031W,,DIXIE,AVE,37.72843251,-85.88436761,19.501,11/19/2017,1418,2,2,0,0,CLEAR,DRY,FALSE,SIDESWIPE COLLISION - SAME DIRECTION,SIDESWIPE-SAME DIRECTION,STRAIGHT & LEVEL,DAYLIGHT,KY 3005 to Crutz Lane,Before
20971203,HARDIN,US0031W,,DIXIE,AVE,37.73600986,-85.88808847,20.116,11/21/2017,1220,2,2,0,0,CLEAR,DRY,FALSE,1 VEHICLE ENTERING/LEAVING ENTRANCE,ANGLE,STRAIGHT & LEVEL,DAYLIGHT,KY 3005 to Crutz Lane,Before
21037078,HARDIN,US0031W,,DIXIE,AVE,37.731244,-85.8854644,19.704,11/23/2017,2020,2,2,0,0,CLEAR,DRY,TRUE,,SIDESWIPE-SAME DIRECTION,STRAIGHT & LEVEL,DARK-HWY LIGHTED/ON,KY 3005 to Crutz Lane,Before
22633951,HARDIN,US0031W,,DIXIE,AVE,37.73230679,-85.88598964,19.784,11/24/2017,1341,2,2,0,0,CLEAR,DRY,FALSE,OTHER ROADWAY OR MID-BLOCK COLLISION,REAR END,STRAIGHT & LEVEL,DAYLIGHT,KY 3005 to Crutz Lane,Before
21093489,HARDIN,US0031W,,DIXIE,AVE,37.73612518,-85.88814437,20.125,11/24/2017,1154,2,2,0,0,CLEAR,DRY,FALSE,OTHER ROADWAY OR MID-BLOCK COLLISION,REAR END,STRAIGHT & HILLCREST,DAYLIGHT,KY 3005 to Crutz Lane,Before
22633947,HARDIN,US0031W,,DIXIE,AVE,37.73783871,-85.88898805,20.213,11/24/2017,1333,2,2,0,0,CLEAR,DRY,FALSE,OTHER ROADWAY OR MID-BLOCK COLLISION,REAR END,STRAIGHT & LEVEL,DAYLIGHT,KY 3005 to Crutz Lane,Before
22641283,HARDIN,US0031W,,DIXIE,AVE,37.73843378,-85.88928051,20.25,11/24/2017,1157,2,2,0,0,CLEAR,DRY,FALSE,REAR END IN TRAFFIC LANES BOTH VEHICLES MOVING,REAR END,STRAIGHT & LEVEL,DAYLIGHT,KY 3005 to Crutz Lane,Before
21059653,HARDIN,US0031W,,DIXIE,AVE,37.72895942,-85.88458067,19.539,11/25/2017,1331,2,2,0,0,CLEAR,DRY,FALSE,SIDESWIPE COLLISION - SAME DIRECTION,SIDESWIPE-SAME DIRECTION,STRAIGHT & LEVEL,DAYLIGHT,KY 3005 to Crutz Lane,Before
21025851,HARDIN,US0031W,,DIXIE,AVE,37.73354338,-85.88685664,19.875,11/25/2017,1612,2,2,0,0,CLEAR,DRY,FALSE,OTHER ROADWAY OR MID-BLOCK COLLISION,REAR END,STRAIGHT & LEVEL,DAYLIGHT,KY 3005 to Crutz Lane,Before
21060410,HARDIN,US0031W,,DIXIE,AVE,37.74435561,-85.89187118,20.663,11/28/2017,2059,2,2,0,0,CLEAR,DRY,FALSE,1 VEHICLE ENTERING/LEAVING ENTRANCE,ANGLE,STRAIGHT & GRADE,DARK-HWY LIGHTED/ON,KY 3005 to Crutz Lane,Before
21037082,HARDIN,US0031W,,DIXIE,AVE,37.7312067,-85.8855462,19.703,11/29/2017,1044,1,1,0,0,CLEAR,DRY,FALSE,,SINGLE VEHICLE,STRAIGHT & LEVEL,DAYLIGHT,KY 3005 to Crutz Lane,Before
21074206,HARDIN,US0031W,,DIXIE,AVE,37.73122165,-85.88552611,19.7,11/30/2017,555,2,2,0,0,CLOUDY,WET,FALSE,ANGLE COLLISION - ONE VEHICLE TURNING LEFT,ANGLE,STRAIGHT & LEVEL,DARK-HWY LIGHTED/ON,KY 3005 to Crutz Lane,Before
22540347,HARDIN,US0031W,1940,DIXIE,AVE,37.73804635,-85.8888358,20.22,12/1/2017,2009,2,2,0,0,CLEAR,DRY,FALSE,SIDESWIPE-SAME DIRECTION,SIDESWIPE-SAME DIRECTION,STRAIGHT & LEVEL,DARK-HWY LIGHTED/ON,KY 3005 to Crutz Lane,Before
21898417,HARDIN,US0031W,,DIXIE,AVE,37.73093598,-85.8853227,19.681,12/2/2017,1333,2,2,0,0,CLEAR,DRY,FALSE,SIDESWIPE COLLISION - SAME DIRECTION,SIDESWIPE-SAME DIRECTION,STRAIGHT & LEVEL,DAYLIGHT,KY 3005 to Crutz Lane,Before
21898411,HARDIN,US0031W,,DIXIE,AVE,37.73278603,-85.8864851,19.824,12/2/2017,1723,2,2,0,0,CLEAR,DRY,FALSE,OTHER ROADWAY OR MID-BLOCK COLLISION,REAR END,STRAIGHT & LEVEL,DUSK,KY 3005 to Crutz Lane,Before
21429759,HARDIN,US0031W,,DIXIE,AVE,37.7285724,-85.8844479,19.512,12/4/2017,1438,2,2,0,0,CLEAR,DRY,FALSE,,SIDESWIPE-SAME DIRECTION,STRAIGHT & LEVEL,DAYLIGHT,KY 3005 to Crutz Lane,Before
22540321,HARDIN,US0031W,,DIXIE,AVE,37.73759408,-85.88859886,20.198,12/9/2017,1958,2,2,0,0,CLEAR,DRY,FALSE,HEAD-ON COLLISION,HEAD ON,STRAIGHT & LEVEL,DARK-HWY LIGHTED/ON,KY 3005 to Crutz Lane,Before
22976206,HARDIN,US0031W,,DIXIE,AVE,37.73760554,-85.88893533,20.203,12/15/2017,1846,2,2,0,0,CLEAR,DRY,FALSE,1 VEHICLE ENTERING/LEAVING ENTRANCE,ANGLE,STRAIGHT & GRADE,DARK-HWY LIGHTED/ON,KY 3005 to Crutz Lane,Before
22688195,HARDIN,US0031W,,DIXIE,AVE,37.72848986,-85.88410274,19.493,12/16/2017,1427,3,3,0,0,CLEAR,DRY,FALSE,REAR END IN TRAFFIC LANES BOTH VEHICLES MOVING,REAR END,STRAIGHT & LEVEL,DAYLIGHT,KY 3005 to Crutz Lane,Before
22221214,HARDIN,US0031W,,DIXIE,AVE,37.7379635,-85.88880054,20.216,12/16/2017,1901,3,3,0,0,CLEAR,DRY,FALSE,REAR END IN TRAFFIC LANES BOTH VEHICLES MOVING,REAR END,STRAIGHT & LEVEL,DARK-HWY LIGHTED/ON,KY 3005 to Crutz Lane,Before
22633897,HARDIN,US0031W,,DIXIE,AVE,37.73760079,-85.88852685,20.198,12/18/2017,1330,2,2,0,0,CLOUDY,WET,FALSE,1 VEHICLE ENTERING/LEAVING ENTRANCE,ANGLE,STRAIGHT & LEVEL,DAYLIGHT,KY 3005 to Crutz Lane,Before
22633898,HARDIN,US0031W,,DIXIE,AVE,37.72889159,-85.88455812,19.535,12/20/2017,2032,2,2,0,0,CLEAR,DRY,FALSE,SIDESWIPE COLLISION - SAME DIRECTION,SIDESWIPE-SAME DIRECTION,STRAIGHT & LEVEL,DARK-HWY LIGHTED/ON,KY 3005 to Crutz Lane,Before
22672907,HARDIN,US0031W,,DIXIE,AVE,37.7331543,-85.88665725,19.849,12/21/2017,1454,2,2,0,0,CLEAR,DRY,FALSE,REAR END IN TRAFFIC LANES BOTH VEHICLES MOVING,REAR END,STRAIGHT & LEVEL,DAYLIGHT,KY 3005 to Crutz Lane,Before
22622539,HARDIN,US0031W,,DIXIE,AVE,37.7325703,-85.8861171,19.803,12/22/2017,1314,2,2,0,0,CLOUDY,WET,FALSE,,REAR END,STRAIGHT & LEVEL,DAYLIGHT,KY 3005 to Crutz Lane,Before
22633904,HARDIN,US0031W,,DIXIE,AVE,37.73360865,-85.88689302,19.879,12/26/2017,1321,2,2,0,0,CLEAR,DRY,FALSE,REAR END IN TRAFFIC LANES BOTH VEHICLES MOVING,REAR END,STRAIGHT & LEVEL,DAYLIGHT,KY 3005 to Crutz Lane,Before
22720760,HARDIN,US0031W,,DIXIE,AVE,37.74549049,-85.89228432,20.746,12/28/2017,1354,2,2,0,0,CLEAR,DRY,FALSE,REAR END IN TRAFFIC LANES BOTH VEHICLES MOVING,REAR END,STRAIGHT & LEVEL,DAYLIGHT,KY 3005 to Crutz Lane,Before
22653142,HARDIN,US0031W,,DIXIE,AVE,37.73416317,-85.88719478,19.89,12/30/2017,1642,2,2,0,0,CLEAR,DRY,FALSE,OTHER INTERSECTION COLLISIONS,REAR END,STRAIGHT & LEVEL,DAYLIGHT,KY 3005 to Crutz Lane,Before
22653024,HARDIN,US0031W,,DIXIE,AVE,37.7341846,-85.8871696,19.937,12/30/2017,1056,2,2,0,0,CLOUDY,DRY,FALSE,,REAR END,STRAIGHT & LEVEL,DAYLIGHT,KY 3005 to Crutz Lane,Before
22868646,HARDIN,US0031W,,DIXIE,AVE,37.7363571,-85.8880005,20.139,1/6/2018,1005,2,2,0,0,CLEAR,DRY,FALSE,,ANGLE,STRAIGHT & LEVEL,DAYLIGHT,KY 3005 to Crutz Lane,Before
22786912,HARDIN,US0031W,,DIXIE,AVE,37.7299414,-85.8848244,19.604,1/8/2018,2258,2,2,0,0,FOG,WET,TRUE,,ANGLE,STRAIGHT & LEVEL,DARK-HWY LIGHTED/ON,KY 3005 to Crutz Lane,Before
22696932,HARDIN,US0031W,,DIXIE,AVE,37.73931323,-85.88944418,20.302,1/8/2018,1856,2,2,0,0,RAINING,WET,FALSE,SIDESWIPE COLLISION - SAME DIRECTION,SIDESWIPE-SAME DIRECTION,STRAIGHT & LEVEL,DARK-HWY LIGHTED/ON,KY 3005 to Crutz Lane,Before
22771539,HARDIN,US0031W,,DIXIE,AVE,37.74608805,-85.89286793,20.797,1/18/2018,1318,2,2,0,0,CLEAR,DRY,FALSE,REAR END IN TRAFFIC LANES BOTH VEHICLES MOVING,REAR END,STRAIGHT & LEVEL,DAYLIGHT,KY 3005 to Crutz Lane,Before
22770766,HARDIN,US0031W,,DIXIE,AVE,37.7353591,-85.88774487,20.06,1/19/2018,1259,2,2,0,0,CLEAR,DRY,FALSE,REAR END IN TRAFFIC LANES BOTH VEHICLES MOVING,REAR END,STRAIGHT & LEVEL,DAYLIGHT,KY 3005 to Crutz Lane,Before
22771949,HARDIN,US0031W,,DIXIE,AVE,37.74020733,-85.8899541,20.362,1/22/2018,1522,2,2,0,0,CLOUDY,WET,FALSE,REAR END IN TRAFFIC LANES BOTH VEHICLES MOVING,REAR END,STRAIGHT & GRADE,DAYLIGHT,KY 3005 to Crutz Lane,Before
22785648,HARDIN,US0031W,,DIXIE,AVE,37.74628163,-85.8929809,20.814,1/23/2018,1919,2,2,0,0,"SLEET, HAIL, FREEZING RAIN",WET,FALSE,REAR END IN TRAFFIC LANES BOTH VEHICLES MOVING,REAR END,STRAIGHT & LEVEL,DARK (UNKNOWN ROADWAY LIGHTING),KY 3005 to Crutz Lane,Before
22928066,HARDIN,US0031W,,DIXIE,AVE,37.73973885,-85.88992378,20.339,1/27/2018,1303,2,2,0,0,CLEAR,DRY,FALSE,SIDESWIPE COLLISION - SAME DIRECTION,SIDESWIPE-SAME DIRECTION,STRAIGHT & LEVEL,DAYLIGHT,KY 3005 to Crutz Lane,Before
22814703,HARDIN,US0031W,,DIXIE,AVE,37.73123891,-85.88547466,19.705,1/29/2018,1632,2,2,0,0,CLEAR,DRY,FALSE,ANGLE COLLISION - ONE VEHICLE TURNING LEFT,ANGLE,STRAIGHT & LEVEL,DAYLIGHT,KY 3005 to Crutz Lane,Before
22845838,HARDIN,US0031W,,DIXIE,AVE,37.7446618,-85.8922266,20.694,1/31/2018,651,1,1,0,0,CLEAR,DRY,FALSE,,SINGLE VEHICLE,STRAIGHT & HILLCREST,DARK-HWY NOT LIGHTED,KY 3005 to Crutz Lane,Before
22873230,HARDIN,US0031W,,DIXIE,AVE,37.73124434,-85.8857263,19.709,2/6/2018,1658,2,2,0,0,CLEAR,DRY,FALSE,REAR END IN TRAFFIC LANES BOTH VEHICLES MOVING,REAR END,STRAIGHT & LEVEL,DAYLIGHT,KY 3005 to Crutz Lane,Before
23343372,HARDIN,US0031W,,DIXIE,AVE,37.73405588,-85.88710999,19.895,2/6/2018,1715,2,2,0,0,CLEAR,DRY,FALSE,OTHER INTERSECTION COLLISIONS,REAR END,STRAIGHT & LEVEL,DAYLIGHT,KY 3005 to Crutz Lane,Before
22957224,HARDIN,US0031W,,DIXIE,AVE,37.74054697,-85.88997374,20.381,2/8/2018,1546,2,2,0,0,CLEAR,DRY,TRUE,REAR END IN TRAFFIC LANES BOTH VEHICLES MOVING,REAR END,STRAIGHT & LEVEL,DAYLIGHT,KY 3005 to Crutz Lane,Before
22899801,HARDIN,US0031W,,DIXIE,AVE,37.72912996,-85.88464549,19.552,2/10/2018,1212,2,2,0,0,RAINING,WET,FALSE,REAR END IN TRAFFIC LANES BOTH VEHICLES MOVING,REAR END,STRAIGHT & LEVEL,DAYLIGHT,KY 3005 to Crutz Lane,Before
22899783,HARDIN,US0031W,,DIXIE,AVE,37.7310769,-85.88538614,19.691,2/11/2018,2018,2,2,0,0,CLOUDY,DRY,FALSE,REAR END IN TRAFFIC LANES BOTH VEHICLES MOVING,REAR END,STRAIGHT & LEVEL,DARK-HWY LIGHTED/ON,KY 3005 to Crutz Lane,Before
22903523,HARDIN,US0031W,,DIXIE,AVE,37.74577155,-85.89273595,20.771,2/12/2018,2018,2,2,0,0,CLEAR,DRY,FALSE,OPPOSING LEFT TURN,OPPOSING LEFT TURN,STRAIGHT & LEVEL,DARK-HWY LIGHTED/ON,KY 3005 to Crutz Lane,Before
22941618,HARDIN,US0031W,,DIXIE,AVE,37.72826275,-85.884246,19.488,2/16/2018,1411,2,2,0,0,CLEAR,WET,FALSE,ANGLE COLLISION - ONE VEHICLE TURNING LEFT,ANGLE,STRAIGHT & LEVEL,DAYLIGHT,KY 3005 to Crutz Lane,Before
22952492,HARDIN,US0031W,,DIXIE,AVE,37.73117012,-85.88568265,19.704,2/20/2018,1352,2,2,0,0,CLEAR,DRY,FALSE,ANGLE COLLISION - OTHER,ANGLE,STRAIGHT & LEVEL,DAYLIGHT,KY 3005 to Crutz Lane,Before
23001751,HARDIN,US0031W,,DIXIE,AVE,37.73797531,-85.88905953,20.219,2/21/2018,750,2,2,0,0,RAINING,WET,FALSE,OPPOSING LEFT TURN,OPPOSING LEFT TURN,STRAIGHT & GRADE,DAYLIGHT,KY 3005 to Crutz Lane,Before
22975651,HARDIN,US0031W,,DIXIE,AVE,37.73099364,-85.88534913,19.685,2/23/2018,1427,2,2,0,0,CLOUDY,WET,FALSE,SIDESWIPE COLLISION - SAME DIRECTION,SIDESWIPE-SAME DIRECTION,STRAIGHT & LEVEL,DAWN,KY 3005 to Crutz Lane,Before
22987521,HARDIN,US0031W,,DIXIE,AVE,37.73758298,-85.88886064,20.201,2/26/2018,1557,2,2,0,0,CLEAR,DRY,FALSE,1 VEHICLE ENTERING/LEAVING ENTRANCE,ANGLE,STRAIGHT & LEVEL,DAYLIGHT,KY 3005 to Crutz Lane,Before
22995780,HARDIN,US0031W,,DIXIE,AVE,37.74620531,-85.89293853,20.806,2/27/2018,1644,2,2,0,0,CLEAR,DRY,FALSE,OTHER ROADWAY OR MID-BLOCK COLLISION,REAR END,STRAIGHT & LEVEL,DAYLIGHT,KY 3005 to Crutz Lane,Before
23037120,HARDIN,US0031W,,DIXIE,AVE,37.7310682,-85.88538064,19.691,2/28/2018,1637,2,2,0,0,CLOUDY,DRY,FALSE,SIDESWIPE COLLISION - SAME DIRECTION,SIDESWIPE-SAME DIRECTION,STRAIGHT & LEVEL,DAYLIGHT,KY 3005 to Crutz Lane,Before
23060355,HARDIN,US0031W,,DIXIE,AVE,37.74144451,-85.89077256,20.457,3/7/2018,1258,2,2,0,0,CLOUDY,DRY,FALSE,OTHER ROADWAY OR MID-BLOCK COLLISION,REAR END,STRAIGHT & GRADE,DAYLIGHT,KY 3005 to Crutz Lane,Before
23156373,HARDIN,US0031W,,DIXIE,AVE,37.7457756,-85.89247324,20.776,3/7/2018,1422,2,2,0,0,CLOUDY,DRY,FALSE,REAR END IN TRAFFIC LANES BOTH VEHICLES MOVING,REAR END,STRAIGHT & LEVEL,DAYLIGHT,KY 3005 to Crutz Lane,Before
23076570,HARDIN,US0031W,,DIXIE,AVE,37.7310563,-85.88530927,19.688,3/12/2018,1900,2,2,0,0,CLOUDY,WET,FALSE,OTHER ROADWAY OR MID-BLOCK COLLISION,REAR END,STRAIGHT & LEVEL,DUSK,KY 3005 to Crutz Lane,Before
23232485,HARDIN,US0031W,,DIXIE,AVE,37.73322447,-85.88671633,19.854,3/24/2018,1537,2,2,0,0,RAINING,WET,FALSE,OTHER ROADWAY OR MID-BLOCK COLLISION,REAR END,STRAIGHT & LEVEL,DAYLIGHT,KY 3005 to Crutz Lane,Before
23158937,HARDIN,US0031W,,DIXIE,AVE,37.73262896,-85.88639539,19.797,3/25/2018,1515,2,2,0,0,CLEAR,DRY,FALSE,OTHER INTERSECTION COLLISIONS,REAR END,STRAIGHT & LEVEL,DAYLIGHT,KY 3005 to Crutz Lane,Before
23343363,HARDIN,US0031W,,DIXIE,AVE,37.74582703,-85.8925088,20.772,3/27/2018,2012,2,2,0,0,CLEAR,DRY,TRUE,OPPOSING LEFT TURN,OPPOSING LEFT TURN,STRAIGHT & GRADE,DARK-HWY LIGHTED/ON,KY 3005 to Crutz Lane,Before
23308675,HARDIN,US0031W,,DIXIE,AVE,37.73451311,-85.88735807,19.972,3/31/2018,2003,2,2,0,0,CLEAR,WET,FALSE,SIDESWIPE COLLISION - SAME DIRECTION,SIDESWIPE-SAME DIRECTION,STRAIGHT & LEVEL,DARK-HWY LIGHTED/ON,KY 3005 to Crutz Lane,Before
23772611,HARDIN,US0031W,1602,DIXIE,AVE,37.72835365,-85.8842948,19.495,4/15/2018,1350,2,2,0,0,CLEAR,DRY,FALSE,1 VEHICLE PARKED POSITION (NOT PARKING LOT/DRIVEWAY),BACKING,STRAIGHT & LEVEL,DAYLIGHT,KY 3005 to Crutz Lane,Before
23281099,HARDIN,US0031W,,DIXIE,AVE,37.74632633,-85.89298098,20.815,4/15/2018,1239,2,2,0,0,RAINING,WET,FALSE,REAR END IN TRAFFIC LANES BOTH VEHICLES MOVING,REAR END,STRAIGHT & LEVEL,DAYLIGHT,KY 3005 to Crutz Lane,Before
23287764,HARDIN,US0031W,,DIXIE,AVE,37.73336861,-85.88664448,19.861,4/16/2018,820,2,2,0,0,CLOUDY,WET,FALSE,REAR END IN TRAFFIC LANES BOTH VEHICLES MOVING,REAR END,STRAIGHT & LEVEL,DAYLIGHT,KY 3005 to Crutz Lane,Before
23451962,HARDIN,US0031W,,DIXIE,AVE,37.73881642,-85.88946823,20.276,4/19/2018,2114,2,2,0,0,CLEAR,DRY,FALSE,REAR END IN TRAFFIC LANES BOTH VEHICLES MOVING,REAR END,STRAIGHT & GRADE,DARK-HWY LIGHTED/ON,KY 3005 to Crutz Lane,Before
23457913,HARDIN,US0031W,,DIXIE,AVE,37.74350973,-85.89146117,20.599,4/24/2018,1221,2,2,0,0,CLEAR,DRY,FALSE,1 VEHICLE ENTERING/LEAVING ENTRANCE,ANGLE,STRAIGHT & LEVEL,DAYLIGHT,KY 3005 to Crutz Lane,Before
23451977,HARDIN,US0031W,,DIXIE,AVE,37.72945176,-85.88483966,19.576,4/27/2018,1611,2,2,0,0,CLEAR,DRY,FALSE,OTHER ROADWAY OR MID-BLOCK COLLISION,REAR END,STRAIGHT & LEVEL,DAYLIGHT,KY 3005 to Crutz Lane,Before
23384886,HARDIN,US0031W,,DIXIE,AVE,37.74565861,-85.89267336,20.765,4/29/2018,2,2,2,0,0,CLEAR,DRY,FALSE,ANGLE COLLISION - OTHER,ANGLE,STRAIGHT & GRADE,DARK-HWY LIGHTED/ON,KY 3005 to Crutz Lane,Before
23362442,HARDIN,US0031W,,DIXIE,AVE,37.7412107,-85.89037063,20.426,4/30/2018,702,2,2,0,0,CLEAR,DRY,FALSE,REAR END IN TRAFFIC LANES BOTH VEHICLES MOVING,REAR END,STRAIGHT & GRADE,DAYLIGHT,KY 3005 to Crutz Lane,Before
23480294,HARDIN,US0031W,,DIXIE,AVE,37.73146384,-85.88555948,19.72,5/8/2018,1251,2,2,0,0,CLEAR,DRY,FALSE,REAR END IN TRAFFIC LANES BOTH VEHICLES MOVING,REAR END,STRAIGHT & LEVEL,DAYLIGHT,KY 3005 to Crutz Lane,Before
23407207,HARDIN,US0031W,,DIXIE,AVE,37.74513043,-85.89218037,20.72,5/10/2018,1500,3,3,0,0,CLEAR,DRY,FALSE,OTHER ROADWAY OR MID-BLOCK COLLISION,REAR TO REAR,STRAIGHT & LEVEL,DAYLIGHT,KY 3005 to Crutz Lane,Before
23457877,HARDIN,US0031W,,DIXIE,AVE,37.74574795,-85.89273905,20.773,5/10/2018,2131,2,2,0,0,CLEAR,DRY,FALSE,ANGLE COLLISION - OTHER,ANGLE,STRAIGHT & LEVEL,DARK-HWY NOT LIGHTED,KY 3005 to Crutz Lane,Before