IncidentID,County,RdwyNumber,Street,RoadwayName,StreetSfx,Latitude,Longitude,Milepoint,CollisionDate,CollisionTime,UnitsInvolved,MotorVehiclesInvolved,NumberKilled,NumberInjured,Weather,RdwyConditionCode,HitandRun,DirAnalysisCode,MannerofCollision,RdwyCharacter,LightCondition,Section,Before/After Construction
24437392,HARDIN,US0031W,,DIXIE,AVE,37.70455542,-85.87153512,17.7,12/7/2018,1344,2,2,0,0,CLEAR,DRY,FALSE,REAR END IN TRAFFIC LANES BOTH VEHICLES MOVING,REAR END,STRAIGHT & LEVEL,DAYLIGHT,Saint John Road to US 31W Bypass,Before
24641824,HARDIN,US0031W,,DIXIE,AVE,37.71794815,-85.87886849,18.721,12/7/2018,1509,2,2,0,0,CLEAR,DRY,FALSE,ANGLE COLLISION - OTHER,ANGLE,STRAIGHT & LEVEL,DAYLIGHT,Saint John Road to US 31W Bypass,Before
24394371,HARDIN,US0031W,,DIXIE,AVE,37.7077723,-85.87352252,17.95,12/14/2018,1507,2,2,0,0,RAINING,WET,FALSE,REAR END IN TRAFFIC LANES BOTH VEHICLES MOVING,REAR END,STRAIGHT & LEVEL,DAYLIGHT,Saint John Road to US 31W Bypass,Before
24416845,HARDIN,US0031W,,DIXIE,AVE,37.70874214,-85.87423428,18.033,12/20/2018,737,2,2,0,0,CLOUDY,WET,FALSE,OTHER INTERSECTION COLLISIONS,REAR END,STRAIGHT & LEVEL,DAWN,Saint John Road to US 31W Bypass,Before
24437362,HARDIN,US0031W,,DIXIE,AVE,37.70557521,-85.87215746,17.764,12/21/2018,1736,3,3,0,0,RAINING,WET,TRUE,REAR END IN TRAFFIC LANES BOTH VEHICLES MOVING,REAR END,STRAIGHT & HILLCREST,DARK-HWY LIGHTED/ON,Saint John Road to US 31W Bypass,Before
24437368,HARDIN,US0031W,,DIXIE,AVE,37.71499202,-85.87739969,18.499,12/23/2018,1854,2,2,0,0,CLEAR,DRY,FALSE,REAR END IN TRAFFIC LANES BOTH VEHICLES MOVING,REAR END,STRAIGHT & LEVEL,DARK-HWY LIGHTED/ON,Saint John Road to US 31W Bypass,Before
24437342,HARDIN,US0031W,,DIXIE,AVE,37.70882396,-85.8740077,18.032,12/24/2018,1338,3,3,0,1,CLEAR,DRY,FALSE,ANGLE COLLISION - OTHER,ANGLE,STRAIGHT & LEVEL,DAYLIGHT,Saint John Road to US 31W Bypass,Before
24437316,HARDIN,US0031W,,DIXIE,AVE,37.70924041,-85.87458411,18.072,12/28/2018,1432,2,2,0,2,CLEAR,DRY,FALSE,1 VEHICLE ENTERING/LEAVING ENTRANCE,ANGLE,STRAIGHT & LEVEL,DAYLIGHT,Saint John Road to US 31W Bypass,Before
24460783,HARDIN,US0031W,,DIXIE,AVE,37.71927857,-85.8798204,18.812,1/4/2019,1829,2,2,0,0,RAINING,WET,FALSE,ANGLE COLLISION - OTHER,ANGLE,STRAIGHT & LEVEL,DARK-HWY LIGHTED/ON,Saint John Road to US 31W Bypass,Before
24488746,HARDIN,US0031W,,DIXIE,AVE,37.71932214,-85.87956224,18.817,1/7/2019,1453,1,1,0,0,CLOUDY,DRY,FALSE,NON-COLLISION OBJECT COLLISION,SINGLE VEHICLE,STRAIGHT & LEVEL,DAYLIGHT,Saint John Road to US 31W Bypass,Before
24548533,HARDIN,US0031W,,DIXIE,AVE,37.71728951,-85.87853214,18.671,1/18/2019,1543,2,2,0,0,RAINING,WET,FALSE,SIDESWIPE COLLISION - SAME DIRECTION,SIDESWIPE-SAME DIRECTION,STRAIGHT & LEVEL,DAYLIGHT,Saint John Road to US 31W Bypass,Before
24561037,HARDIN,US0031W,,DIXIE,AVE,37.71279434,-85.87645873,18.274,1/28/2019,1828,2,2,0,0,RAINING,WET,FALSE,ANGLE COLLISION - OTHER,ANGLE,STRAIGHT & LEVEL,DARK-HWY LIGHTED/ON,Saint John Road to US 31W Bypass,Before
25389822,HARDIN,US0031W,,DIXIE,AVE,37.707336,-85.87323069,17.897,2/19/2019,1859,2,2,0,0,CLOUDY,DRY,FALSE,ANGLE COLLISION - OTHER,ANGLE,STRAIGHT & GRADE,DARK-HWY NOT LIGHTED,Saint John Road to US 31W Bypass,Before
24915853,HARDIN,US0031W,,DIXIE,AVE,37.70822065,-85.87386557,17.987,3/1/2019,1742,2,2,0,0,CLEAR,DRY,FALSE,OTHER ROADWAY OR MID-BLOCK COLLISION,REAR END,STRAIGHT & LEVEL,DAYLIGHT,Saint John Road to US 31W Bypass,Before
24878774,HARDIN,US0031W,,DIXIE,AVE,37.70543108,-85.87191022,17.751,3/8/2019,1529,2,2,0,0,CLOUDY,DRY,FALSE,OTHER ROADWAY OR MID-BLOCK COLLISION,REAR END,STRAIGHT & LEVEL,DAYLIGHT,Saint John Road to US 31W Bypass,Before
24876318,HARDIN,US0031W,,DIXIE,AVE,37.70643455,-85.87264087,17.825,3/20/2019,1705,2,2,0,0,CLEAR,DRY,FALSE,SIDESWIPE COLLISION - SAME DIRECTION,SIDESWIPE-SAME DIRECTION,STRAIGHT & LEVEL,DAYLIGHT,Saint John Road to US 31W Bypass,Before
24932975,HARDIN,US0031W,,DIXIE,AVE,37.70629531,-85.87233594,17.826,4/5/2019,1821,2,2,0,0,CLOUDY,DRY,FALSE,SIDESWIPE COLLISION - SAME DIRECTION,SIDESWIPE-SAME DIRECTION,STRAIGHT & GRADE,DAYLIGHT,Saint John Road to US 31W Bypass,Before
24932973,HARDIN,US0031W,,DIXIE,AVE,37.71323712,-85.8765568,18.368,4/6/2019,1218,2,2,0,1,CLEAR,DRY,FALSE,1 VEHICLE ENTERING/LEAVING ENTRANCE,ANGLE,STRAIGHT & LEVEL,DAYLIGHT,Saint John Road to US 31W Bypass,Before
24955373,HARDIN,US0031W,,DIXIE,AVE,37.71795118,-85.8788776,18.721,4/17/2019,1211,2,2,0,0,CLEAR,DRY,FALSE,ANGLE COLLISION - OTHER,ANGLE,STRAIGHT & LEVEL,DAYLIGHT,Saint John Road to US 31W Bypass,Before
25080980,HARDIN,US0031W,,DIXIE,AVE,37.71795336,-85.87887214,18.721,4/19/2019,1520,2,2,0,0,RAINING,WET,FALSE,ANGLE COLLISION - OTHER,ANGLE,STRAIGHT & LEVEL,DAYLIGHT,Saint John Road to US 31W Bypass,Before
24982602,HARDIN,US0031W,,DIXIE,AVE,37.71812584,-85.87895715,18.733,4/22/2019,1530,2,2,0,0,CLEAR,DRY,FALSE,SIDESWIPE COLLISION - SAME DIRECTION,SIDESWIPE-SAME DIRECTION,STRAIGHT & LEVEL,DAYLIGHT,Saint John Road to US 31W Bypass,Before
25045516,HARDIN,US0031W,,DIXIE,AVE,37.71102519,-85.87522933,18.199,4/30/2019,1946,2,2,0,0,CLEAR,DRY,TRUE,SIDESWIPE COLLISION - SAME DIRECTION,SIDESWIPE-SAME DIRECTION,STRAIGHT & LEVEL,DAYLIGHT,Saint John Road to US 31W Bypass,Before
25081219,HARDIN,US0031W,,DIXIE,AVE,37.71290951,-85.87664018,18.349,5/6/2019,807,3,3,0,0,CLEAR,DRY,FALSE,1 VEHICLE ENTERING/LEAVING ENTRANCE,ANGLE,STRAIGHT & LEVEL,DAYLIGHT,Saint John Road to US 31W Bypass,Before
25081238,HARDIN,US0031W,,DIXIE,AVE,37.71804551,-85.87910948,18.71,5/7/2019,1306,2,2,0,0,CLEAR,DRY,FALSE,SIDESWIPE-SAME DIRECTION,SIDESWIPE-SAME DIRECTION,STRAIGHT & LEVEL,DAYLIGHT,Saint John Road to US 31W Bypass,Before
25207029,HARDIN,US0031W,,DIXIE,AVE,37.71842668,-85.87905205,18.753,5/9/2019,1755,2,2,0,0,CLEAR,DRY,FALSE,SIDESWIPE COLLISION - SAME DIRECTION,SIDESWIPE-SAME DIRECTION,STRAIGHT & LEVEL,DAYLIGHT,Saint John Road to US 31W Bypass,Before
25143777,HARDIN,US0031W,,DIXIE,AVE,37.71788476,-85.87911346,18.721,5/10/2019,1658,2,2,0,2,CLOUDY,DRY,FALSE,1 VEHICLE ENTERING/LEAVING ENTRANCE,ANGLE,STRAIGHT & LEVEL,DAYLIGHT,Saint John Road to US 31W Bypass,Before
25207032,HARDIN,US0031W,,DIXIE,AVE,37.70809842,-85.87372844,17.976,5/16/2019,1602,2,2,0,0,CLEAR,DRY,FALSE,OTHER ROADWAY OR MID-BLOCK COLLISION,OPPOSING LEFT TURN,STRAIGHT & LEVEL,DAYLIGHT,Saint John Road to US 31W Bypass,Before
25143850,HARDIN,US0031W,,DIXIE,AVE,37.70896107,-85.8744131,18.051,5/29/2019,1544,2,2,0,0,CLOUDY,DRY,FALSE,OTHER ROADWAY OR MID-BLOCK COLLISION,REAR END,STRAIGHT & LEVEL,DAYLIGHT,Saint John Road to US 31W Bypass,Before
25220139,HARDIN,US0031W,,DIXIE,AVE,37.70668012,-85.87287701,17.846,5/31/2019,1615,3,3,0,0,CLEAR,DRY,FALSE,OTHER ROADWAY OR MID-BLOCK COLLISION,REAR END,STRAIGHT & GRADE,DAYLIGHT,Saint John Road to US 31W Bypass,Before
25150217,HARDIN,US0031W,,DIXIE,AVE,37.70725274,-85.87318519,17.889,5/31/2019,1606,2,2,0,0,CLEAR,DRY,FALSE,ANGLE COLLISION - OTHER,ANGLE,STRAIGHT & LEVEL,DAYLIGHT,Saint John Road to US 31W Bypass,Before
25389919,HARDIN,US0031W,,DIXIE,AVE,37.70833619,-85.87389999,17.992,6/3/2019,1212,3,3,0,0,CLEAR,DRY,FALSE,REAR END IN TRAFFIC LANES BOTH VEHICLES MOVING,REAR END,STRAIGHT & GRADE,DAYLIGHT,Saint John Road to US 31W Bypass,Before
25246813,HARDIN,US0031W,,DIXIE,AVE,37.70833116,-85.8738358,17.989,6/7/2019,1252,3,3,0,2,RAINING,WET,FALSE,REAR END IN TRAFFIC LANES BOTH VEHICLES MOVING,REAR END,STRAIGHT & GRADE,DAYLIGHT,Saint John Road to US 31W Bypass,Before
25190922,HARDIN,US0031W,,DIXIE,AVE,37.70779627,-85.87355591,17.941,6/7/2019,1626,3,3,0,1,RAINING,WET,FALSE,OTHER ROADWAY OR MID-BLOCK COLLISION,REAR END,STRAIGHT & LEVEL,DAYLIGHT,Saint John Road to US 31W Bypass,Before
25184696,HARDIN,US0031W,,DIXIE,AVE,37.70671246,-85.87280194,17.846,6/7/2019,1826,2,2,0,0,RAINING,WET,FALSE,OTHER ROADWAY OR MID-BLOCK COLLISION,REAR END,STRAIGHT & GRADE,DAYLIGHT,Saint John Road to US 31W Bypass,Before
25235638,HARDIN,US0031W,,DIXIE,AVE,37.70656583,-85.87273573,17.835,6/10/2019,1755,2,2,0,0,CLEAR,DRY,FALSE,REAR END IN TRAFFIC LANES BOTH VEHICLES MOVING,REAR END,STRAIGHT & LEVEL,DAYLIGHT,Saint John Road to US 31W Bypass,Before
25340902,HARDIN,US0031W,,DIXIE,AVE,37.70466914,-85.87163013,17.708,6/13/2019,1542,2,2,0,0,CLEAR,DRY,FALSE,OTHER ROADWAY OR MID-BLOCK COLLISION,REAR END,STRAIGHT & LEVEL,DAYLIGHT,Saint John Road to US 31W Bypass,Before
25246825,HARDIN,US0031W,,DIXIE,AVE,37.70718494,-85.87316548,17.884,6/21/2019,1622,2,2,0,2,CLEAR,DRY,FALSE,OTHER ROADWAY OR MID-BLOCK COLLISION,OPPOSING LEFT TURN,STRAIGHT & GRADE,DAYLIGHT,Saint John Road to US 31W Bypass,Before
25272266,HARDIN,US0031W,,DIXIE,AVE,37.71277053,-85.87657759,18.337,6/25/2019,1557,2,2,0,1,CLEAR,DRY,FALSE,ANGLE COLLISION - OTHER,ANGLE,STRAIGHT & LEVEL,DAYLIGHT,Saint John Road to US 31W Bypass,Before
25428269,HARDIN,US0031W,,DIXIE,AVE,37.7183505,-85.87906482,18.749,7/2/2019,1506,2,2,0,0,CLEAR,DRY,FALSE,SIDESWIPE COLLISION - SAME DIRECTION,SIDESWIPE-SAME DIRECTION,STRAIGHT & LEVEL,DAYLIGHT,Saint John Road to US 31W Bypass,Before
25384619,HARDIN,US0031W,,DIXIE,AVE,37.7140392,-85.87707354,18.431,7/3/2019,1455,2,2,0,0,CLOUDY,DRY,FALSE,1 VEHICLE ENTERING/LEAVING ENTRANCE,ANGLE,STRAIGHT & LEVEL,DAYLIGHT,Saint John Road to US 31W Bypass,Before
25416564,HARDIN,US0031W,,DIXIE,AVE,37.7072551,-85.87316228,17.888,7/30/2019,1216,2,2,0,0,CLEAR,DRY,FALSE,ANGLE COLLISION - OTHER,ANGLE,STRAIGHT & LEVEL,DAYLIGHT,Saint John Road to US 31W Bypass,Before
25549878,HARDIN,US0031W,,DIXIE,AVE,37.71668475,-85.87854762,18.632,8/6/2019,1754,2,2,0,3,CLEAR,DRY,FALSE,OTHER ROADWAY OR MID-BLOCK COLLISION,REAR END,STRAIGHT & LEVEL,DAYLIGHT,Saint John Road to US 31W Bypass,Before
25747069,HARDIN,US0031W,,DIXIE,AVE,37.70729954,-85.87328797,17.897,8/9/2019,1645,2,2,0,0,CLEAR,DRY,FALSE,ANGLE COLLISION - OTHER,ANGLE,STRAIGHT & GRADE,DAYLIGHT,Saint John Road to US 31W Bypass,Before
25747057,HARDIN,US0031W,,DIXIE,AVE,37.71871299,-85.87925269,18.775,8/14/2019,1649,2,2,0,0,CLEAR,DRY,FALSE,REAR END IN TRAFFIC LANES BOTH VEHICLES MOVING,REAR END,STRAIGHT & LEVEL,DAYLIGHT,Saint John Road to US 31W Bypass,Before
25747077,HARDIN,US0031W,,DIXIE,AVE,37.71275666,-85.87657572,18.338,8/15/2019,711,2,2,0,0,CLEAR,DRY,FALSE,ANGLE COLLISION - OTHER,ANGLE,STRAIGHT & LEVEL,DAYLIGHT,Saint John Road to US 31W Bypass,Before
25659193,HARDIN,US0031W,,DIXIE,AVE,37.71275695,-85.87657638,18.338,8/30/2019,1638,2,1,0,0,CLEAR,DRY,FALSE,ANGLE COLLISION - OTHER,ANGLE,STRAIGHT & LEVEL,DAYLIGHT,Saint John Road to US 31W Bypass,Before
25597195,HARDIN,US0031W,,DIXIE,AVE,37.70858501,-85.87381024,18.011,9/3/2019,1112,2,2,0,0,CLEAR,DRY,FALSE,REAR END IN TRAFFIC LANES BOTH VEHICLES MOVING,REAR END,STRAIGHT & LEVEL,DAYLIGHT,Saint John Road to US 31W Bypass,Before
25672669,HARDIN,US0031W,,DIXIE,AVE,37.70726432,-85.87319141,17.888,9/5/2019,1516,2,2,0,1,CLEAR,DRY,FALSE,OTHER ROADWAY OR MID-BLOCK COLLISION,OPPOSING LEFT TURN,STRAIGHT & LEVEL,DAYLIGHT,Saint John Road to US 31W Bypass,Before
25674938,HARDIN,US0031W,,DIXIE,AVE,37.71621483,-85.87785492,18.587,9/5/2019,1534,2,2,0,0,CLEAR,DRY,FALSE,SIDESWIPE COLLISION - SAME DIRECTION,SIDESWIPE-SAME DIRECTION,STRAIGHT & LEVEL,DAYLIGHT,Saint John Road to US 31W Bypass,Before
25672663,HARDIN,US0031W,,DIXIE,AVE,37.71809574,-85.87893459,18.731,9/5/2019,1542,2,2,0,0,CLEAR,DRY,FALSE,REAR END IN TRAFFIC LANES BOTH VEHICLES MOVING,REAR END,STRAIGHT & LEVEL,DAYLIGHT,Saint John Road to US 31W Bypass,Before
25747168,HARDIN,US0031W,,DIXIE,AVE,37.71881469,-85.87931453,18.782,9/6/2019,1300,2,2,0,0,CLEAR,DRY,FALSE,OTHER ROADWAY OR MID-BLOCK COLLISION,REAR END,STRAIGHT & LEVEL,DAYLIGHT,Saint John Road to US 31W Bypass,Before
25675040,HARDIN,US0031W,,DIXIE,AVE,37.71117299,-85.87584526,18.221,9/10/2019,1348,3,3,0,0,CLEAR,DRY,FALSE,OTHER ROADWAY OR MID-BLOCK COLLISION,REAR END,STRAIGHT & LEVEL,DAYLIGHT,Saint John Road to US 31W Bypass,Before
25675043,HARDIN,US0031W,,DIXIE,AVE,37.7092193,-85.87458607,18.071,9/13/2019,1055,2,2,0,1,CLEAR,DRY,FALSE,1 VEHICLE ENTERING/LEAVING ENTRANCE,ANGLE,STRAIGHT & LEVEL,DAYLIGHT,Saint John Road to US 31W Bypass,Before
25687520,HARDIN,US0031W,,DIXIE,AVE,37.70871954,-85.87421288,18.033,9/23/2019,1538,2,2,0,0,CLEAR,DRY,FALSE,OTHER INTERSECTION COLLISIONS,REAR END,STRAIGHT & LEVEL,DAYLIGHT,Saint John Road to US 31W Bypass,Before
25747204,HARDIN,US0031W,,DIXIE,AVE,37.707252,-85.87318601,17.889,10/3/2019,1616,2,2,0,0,CLEAR,DRY,FALSE,ANGLE COLLISION - OTHER,ANGLE,STRAIGHT & GRADE,DAYLIGHT,Saint John Road to US 31W Bypass,Before
26069043,HARDIN,US0031W,,DIXIE,AVE,37.71073929,-85.87535907,18.184,10/10/2019,1513,2,2,0,0,CLEAR,DRY,FALSE,1 VEHICLE ENTERING/LEAVING ENTRANCE,ANGLE,STRAIGHT & LEVEL,DAYLIGHT,Saint John Road to US 31W Bypass,Before
25850066,HARDIN,US0031W,,DIXIE,AVE,37.71662632,-85.87839917,18.625,10/18/2019,1604,2,1,0,0,CLEAR,DRY,FALSE,OTHER ROADWAY OR MID-BLOCK COLLISION,REAR END,STRAIGHT & LEVEL,DAYLIGHT,Saint John Road to US 31W Bypass,Before
25993245,HARDIN,US0031W,,DIXIE,AVE,37.71026078,-85.87498091,18.145,10/21/2019,1327,2,2,0,0,CLEAR,DRY,FALSE,1 VEHICLE ENTERING/LEAVING ENTRANCE,ANGLE,STRAIGHT & LEVEL,DAYLIGHT,Saint John Road to US 31W Bypass,Before
25967096,HARDIN,US0031W,,DIXIE,AVE,37.71076251,-85.87553592,18.189,10/22/2019,1715,2,2,0,0,CLEAR,DRY,FALSE,1 VEHICLE ENTERING/LEAVING ENTRANCE,ANGLE,STRAIGHT & LEVEL,DAYLIGHT,Saint John Road to US 31W Bypass,Before
25993248,HARDIN,US0031W,,DIXIE,AVE,37.70504846,-85.87189232,17.732,10/24/2019,1259,2,2,0,0,CLEAR,DRY,FALSE,REAR END IN TRAFFIC LANES BOTH VEHICLES MOVING,REAR END,STRAIGHT & LEVEL,DAYLIGHT,Saint John Road to US 31W Bypass,Before
26069088,HARDIN,US0031W,,DIXIE,AVE,37.70958587,-85.87489297,18.101,10/24/2019,635,2,2,0,0,CLEAR,DRY,FALSE,1 VEHICLE ENTERING/LEAVING ENTRANCE,ANGLE,STRAIGHT & LEVEL,DARK-HWY LIGHTED/ON,Saint John Road to US 31W Bypass,Before
25967296,HARDIN,US0031W,,DIXIE,AVE,37.71879703,-85.87921405,18.779,10/25/2019,2005,3,3,0,1,CLOUDY,WET,FALSE,ANGLE COLLISION - OTHER,ANGLE,CURVE & LEVEL,DARK-HWY LIGHTED/ON,Saint John Road to US 31W Bypass,Before
25925848,HARDIN,US0031W,,DIXIE,AVE,37.71271641,-85.87657677,18.335,10/31/2019,1311,2,1,0,0,CLEAR,DRY,FALSE,OPPOSING LEFT TURN,OPPOSING LEFT TURN,STRAIGHT & LEVEL,DAYLIGHT,Saint John Road to US 31W Bypass,Before
25993277,HARDIN,US0031W,,DIXIE,AVE,37.71526936,-85.87753447,18.52,11/4/2019,1342,2,2,0,0,CLEAR,DRY,FALSE,SIDESWIPE COLLISION - SAME DIRECTION,SIDESWIPE-SAME DIRECTION,STRAIGHT & LEVEL,DAYLIGHT,Saint John Road to US 31W Bypass,Before
25967217,HARDIN,US0031W,,DIXIE,AVE,37.70785385,-85.87360632,17.947,11/6/2019,1719,2,2,0,0,RAINING,WET,FALSE,REAR END IN TRAFFIC LANES BOTH VEHICLES MOVING,REAR END,STRAIGHT & LEVEL,DAYLIGHT,Saint John Road to US 31W Bypass,Before
25967328,HARDIN,US0031W,,DIXIE,AVE,37.70807047,-85.87378431,17.969,11/8/2019,1206,3,3,0,0,CLEAR,DRY,FALSE,REAR END IN TRAFFIC LANES BOTH VEHICLES MOVING,REAR END,STRAIGHT & LEVEL,DAYLIGHT,Saint John Road to US 31W Bypass,Before
25993323,HARDIN,US0031W,,DIXIE,AVE,37.71276302,-85.87662421,18.273,11/11/2019,2342,2,2,0,0,SNOWING,SNOW/SLUSH,FALSE,ANGLE COLLISION - OTHER,ANGLE,STRAIGHT & GRADE,DARK-HWY LIGHTED/ON,Saint John Road to US 31W Bypass,Before
26016893,HARDIN,US0031W,,DIXIE,AVE,37.70876811,-85.87428257,18.036,11/23/2019,1831,2,2,0,0,RAINING,WET,TRUE,REAR END IN TRAFFIC LANES BOTH VEHICLES MOVING,REAR END,STRAIGHT & LEVEL,DARK-HWY LIGHTED/ON,Saint John Road to US 31W Bypass,Before
26016847,HARDIN,US0031W,,DIXIE,AVE,37.70466456,-85.87151842,17.71,11/26/2019,954,2,2,0,0,CLEAR,DRY,FALSE,REAR END IN TRAFFIC LANES BOTH VEHICLES MOVING,REAR END,STRAIGHT & LEVEL,DAYLIGHT,Saint John Road to US 31W Bypass,Before
26016844,HARDIN,US0031W,,DIXIE,AVE,37.7118156,-85.87585589,18.263,11/26/2019,1839,2,2,0,0,RAINING,WET,FALSE,1 VEHICLE ENTERING/LEAVING ENTRANCE,ANGLE,STRAIGHT & LEVEL,DARK-HWY LIGHTED/ON,Saint John Road to US 31W Bypass,Before
26098032,HARDIN,US0031W,,DIXIE,AVE,37.70882661,-85.8740138,18.032,12/6/2019,1208,2,2,0,0,CLOUDY,WET,FALSE,ANGLE COLLISION - ONE VEHICLE TURNING LEFT,ANGLE,STRAIGHT & LEVEL,DAYLIGHT,Saint John Road to US 31W Bypass,Before
26100730,HARDIN,US0031W,,DIXIE,AVE,37.70911747,-85.87456649,18.064,12/6/2019,1850,2,2,0,0,CLEAR,DRY,FALSE,1 VEHICLE ENTERING/LEAVING ENTRANCE,ANGLE,STRAIGHT & LEVEL,DARK-HWY LIGHTED/ON,Saint John Road to US 31W Bypass,Before
26100617,HARDIN,US0031W,,DIXIE,AVE,37.71794751,-85.87886727,18.721,12/7/2019,1938,2,2,0,0,CLEAR,DRY,FALSE,ANGLE COLLISION - OTHER,ANGLE,STRAIGHT & LEVEL,DARK-HWY LIGHTED/ON,Saint John Road to US 31W Bypass,Before
26100752,HARDIN,US0031W,,DIXIE,AVE,37.70911402,-85.87449176,18.062,12/11/2019,1137,2,2,0,0,CLEAR,DRY,FALSE,OTHER ROADWAY OR MID-BLOCK COLLISION,REAR END,STRAIGHT & LEVEL,DAYLIGHT,Saint John Road to US 31W Bypass,Before
26098042,HARDIN,US0031W,,DIXIE,AVE,37.70897356,-85.87439646,18.051,12/13/2019,1436,2,2,0,0,RAINING,WET,FALSE,1 VEHICLE ENTERING/LEAVING ENTRANCE,ANGLE,STRAIGHT & LEVEL,DAYLIGHT,Saint John Road to US 31W Bypass,Before
26100767,HARDIN,US0031W,,DIXIE,AVE,37.71780179,-85.87877515,18.73,12/13/2019,1728,2,2,0,0,RAINING,WET,FALSE,SIDESWIPE COLLISION - SAME DIRECTION,SIDESWIPE-SAME DIRECTION,STRAIGHT & LEVEL,DARK-HWY LIGHTED/ON,Saint John Road to US 31W Bypass,Before
26100652,HARDIN,US0031W,,DIXIE,AVE,37.71251749,-85.87644954,18.32,12/19/2019,1847,2,2,0,0,CLEAR,DRY,FALSE,REAR END IN TRAFFIC LANES BOTH VEHICLES MOVING,REAR END,STRAIGHT & LEVEL,DARK-HWY LIGHTED/ON,Saint John Road to US 31W Bypass,Before
26216266,HARDIN,US0031W,,DIXIE,AVE,37.71794811,-85.87886972,18.721,12/22/2019,1914,2,2,0,0,CLEAR,DRY,FALSE,ANGLE COLLISION - OTHER,ANGLE,STRAIGHT & LEVEL,DARK-HWY LIGHTED/ON,Saint John Road to US 31W Bypass,Before
26154481,HARDIN,US0031W,,DIXIE,AVE,37.7091954,-85.87453072,18.068,12/23/2019,1353,2,2,0,0,CLEAR,DRY,FALSE,1 VEHICLE ENTERING/LEAVING ENTRANCE,ANGLE,STRAIGHT & LEVEL,DAYLIGHT,Saint John Road to US 31W Bypass,Before
26095923,HARDIN,US0031W,,DIXIE,AVE,37.71672076,-85.87855269,18.634,12/23/2019,1419,2,2,0,0,CLEAR,DRY,FALSE,SIDESWIPE COLLISION - SAME DIRECTION,SIDESWIPE-SAME DIRECTION,STRAIGHT & LEVEL,DAYLIGHT,Saint John Road to US 31W Bypass,Before
26216310,HARDIN,US0031W,,DIXIE,AVE,37.71331717,-85.87655648,18.373,12/29/2019,1536,2,2,0,1,RAINING,WET,FALSE,1 VEHICLE ENTERING/LEAVING ENTRANCE,ANGLE,STRAIGHT & LEVEL,DAYLIGHT,Saint John Road to US 31W Bypass,Before
33349189,HARDIN,US0031W,,DIXIE,AVE,37.7252816,-85.88274493,19.262,5/25/2024,1102,2,2,0,2,CLEAR,DRY,FALSE,REAR END IN TRAFFIC LANES BOTH VEHICLES MOVING,REAR END,STRAIGHT & LEVEL,DAYLIGHT,US 31W Bypass to KY 3005,After
31253055,HARDIN,US0031W,,DIXIE,AVE,37.72828645,-85.88399919,19.477,2/17/2023,2048,2,2,0,1,CLEAR,DRY,FALSE,OPPOSING LEFT TURN,OPPOSING LEFT TURN,STRAIGHT & LEVEL,DARK-HWY LIGHTED/ON,US 31W Bypass to KY 3005,After
31294313,HARDIN,US0031W,,DIXIE,AVE,37.72831025,-85.88397806,19.477,2/26/2023,2145,2,2,0,1,CLEAR,DRY,FALSE,OTHER ROADWAY OR MID-BLOCK COLLISION,REAR END,STRAIGHT & LEVEL,DARK-HWY LIGHTED/ON,US 31W Bypass to KY 3005,After
31317809,HARDIN,US0031W,,DIXIE,AVE,37.7282343,-85.88396959,19.474,3/4/2023,1111,2,2,0,1,CLEAR,DRY,FALSE,OTHER ROADWAY OR MID-BLOCK COLLISION,REAR END,STRAIGHT & LEVEL,DAYLIGHT,US 31W Bypass to KY 3005,After
31566353,HARDIN,US0031W,,DIXIE,AVE,37.72828938,-85.88398787,19.477,4/30/2023,1918,2,2,0,1,CLOUDY,DRY,FALSE,ANGLE COLLISION - OTHER,ANGLE,STRAIGHT & LEVEL,DAYLIGHT,US 31W Bypass to KY 3005,After