IncidentID,County,RdwyNumber,Street,RoadwayName,StreetSfx,Latitude,Longitude,Milepoint,CollisionDate,CollisionTime,UnitsInvolved,MotorVehiclesInvolved,NumberKilled,NumberInjured,Weather,RdwyConditionCode,HitandRun,DirAnalysisCode,MannerofCollision,RdwyCharacter,LightCondition,Section,Before/After Construction
32367300,HARDIN,US0031W,,DIXIE,AVE,37.72594954,-85.88311231,19.311,10/7/2023,1538,2,2,0,1,CLEAR,DRY,FALSE,SIDESWIPE COLLISION - SAME DIRECTION,SIDESWIPE-SAME DIRECTION,STRAIGHT & LEVEL,DAYLIGHT,US 31W Bypass to KY 3005,After
33756423,HARDIN,US0031W,1307,DIXIE,AVE,37.72108721,-85.88042025,18.95,8/26/2024,1137,2,2,0,1,CLEAR,DRY,FALSE,1 VEHICLE PARKED POSITION (NOT PARKING LOT/DRIVEWAY),REAR END,STRAIGHT & LEVEL,DAYLIGHT,US 31W Bypass to KY 3005,After
30728063,HARDIN,US0031W,,DIXIE,AVE,37.72002943,-85.88018422,18.877,9/16/2022,1340,2,2,0,0,CLEAR,DRY,FALSE,OTHER ROADWAY OR MID-BLOCK COLLISION,REAR END,STRAIGHT & LEVEL,DAYLIGHT,US 31W Bypass to KY 3005,After
30601491,HARDIN,US0031W,,DIXIE,AVE,37.7234319,-85.88159546,19.12,9/17/2022,2048,2,2,0,0,CLEAR,DRY,FALSE,ANGLE COLLISION - ONE VEHICLE TURNING RIGHT,ANGLE,STRAIGHT & LEVEL,DARK-HWY LIGHTED/ON,US 31W Bypass to KY 3005,After
30708796,HARDIN,US0031W,,DIXIE,AVE,37.72795984,-85.88380049,19.453,10/10/2022,1132,2,2,0,0,CLEAR,DRY,FALSE,SIDESWIPE-SAME DIRECTION,SIDESWIPE-SAME DIRECTION,STRAIGHT & LEVEL,DAYLIGHT,US 31W Bypass to KY 3005,After
30708809,HARDIN,US0031W,,DIXIE,AVE,37.72837133,-85.88402637,19.473,10/11/2022,1616,2,2,0,0,CLOUDY,DRY,FALSE,SIDESWIPE-SAME DIRECTION,SIDESWIPE-SAME DIRECTION,STRAIGHT & LEVEL,DAYLIGHT,US 31W Bypass to KY 3005,After
30910470,HARDIN,US0031W,,DIXIE,AVE,37.72820116,-85.88404802,19.471,12/2/2022,1905,2,2,0,0,RAINING,WET,TRUE,SIDESWIPE-SAME DIRECTION,SIDESWIPE-SAME DIRECTION,STRAIGHT & LEVEL,DARK-HWY LIGHTED/ON,US 31W Bypass to KY 3005,After
31124461,HARDIN,US0031W,,DIXIE,AVE,37.72829458,-85.88422518,19.468,12/13/2022,1914,2,2,0,0,CLEAR,DRY,FALSE,SIDESWIPE-SAME DIRECTION,SIDESWIPE-SAME DIRECTION,STRAIGHT & LEVEL,DARK-HWY LIGHTED/ON,US 31W Bypass to KY 3005,After
30954645,HARDIN,US0031W,,DIXIE,AVE,37.72419511,-85.88226268,19.184,12/15/2022,1721,2,2,0,0,RAINING,WET,FALSE,SIDESWIPE COLLISION - SAME DIRECTION,SIDESWIPE-SAME DIRECTION,STRAIGHT & LEVEL,DAYLIGHT,US 31W Bypass to KY 3005,After
31014079,HARDIN,US0031W,,DIXIE,AVE,37.72829485,-85.88400087,19.478,1/2/2023,1903,2,2,0,0,CLEAR,WET,TRUE,ANGLE COLLISION - OTHER,ANGLE,STRAIGHT & LEVEL,DARK-HWY LIGHTED/ON,US 31W Bypass to KY 3005,After
31124479,HARDIN,US0031W,,DIXIE,AVE,37.72836014,-85.88398424,19.474,1/15/2023,1546,2,2,0,0,CLEAR,DRY,FALSE,OTHER INTERSECTION COLLISIONS,REAR END,STRAIGHT & LEVEL,DAYLIGHT,US 31W Bypass to KY 3005,After
31317748,HARDIN,US0031W,,DIXIE,AVE,37.71982234,-85.88005731,18.856,2/7/2023,1701,2,2,0,0,,,TRUE,OTHER INTERSECTION COLLISIONS,REAR END,STRAIGHT & LEVEL,,US 31W Bypass to KY 3005,After
31223344,HARDIN,US0031W,,DIXIE,AVE,37.72826796,-85.88416332,19.471,2/7/2023,851,2,2,0,0,CLEAR,DRY,FALSE,OTHER INTERSECTION COLLISIONS,REAR END,STRAIGHT & LEVEL,DAYLIGHT,US 31W Bypass to KY 3005,After
31317708,HARDIN,US0031W,,DIXIE,AVE,37.72229083,-85.88124094,19.043,2/15/2023,905,2,2,0,0,CLEAR,DRY,FALSE,1 VEHICLE ENTERING/LEAVING ENTRANCE,ANGLE,STRAIGHT & LEVEL,DAYLIGHT,US 31W Bypass to KY 3005,After
31472908,HARDIN,US0031W,,DIXIE,AVE,37.72844686,-85.8836414,19.462,2/23/2023,1907,2,2,0,0,CLEAR,DRY,FALSE,OTHER INTERSECTION COLLISIONS,REAR END,STRAIGHT & LEVEL,DARK-HWY LIGHTED/ON,US 31W Bypass to KY 3005,After
31296706,HARDIN,US0031W,,DIXIE,AVE,37.72604845,-85.883162,19.318,2/27/2023,955,2,2,0,0,RAINING,WET,FALSE,REAR END IN TRAFFIC LANES BOTH VEHICLES MOVING,REAR END,STRAIGHT & LEVEL,DAYLIGHT,US 31W Bypass to KY 3005,After
31411690,HARDIN,US0031W,,DIXIE,AVE,37.72835894,-85.88407316,19.473,3/8/2023,2227,2,2,0,0,CLEAR,DRY,FALSE,ANGLE COLLISION - OTHER,ANGLE,STRAIGHT & LEVEL,DARK-HWY LIGHTED/ON,US 31W Bypass to KY 3005,After
31486410,HARDIN,US0031W,,DIXIE,AVE,37.72818452,-85.88394352,19.47,4/4/2023,713,2,2,0,0,CLEAR,DRY,FALSE,OTHER ROADWAY OR MID-BLOCK COLLISION,REAR END,STRAIGHT & GRADE,DAWN,US 31W Bypass to KY 3005,After
31486423,HARDIN,US0031W,,DIXIE,AVE,37.72740354,-85.88355012,19.398,4/5/2023,1552,2,2,0,0,CLEAR,DRY,FALSE,1 VEHICLE ENTERING/LEAVING ENTRANCE,ANGLE,STRAIGHT & LEVEL,DAYLIGHT,US 31W Bypass to KY 3005,After
31510020,HARDIN,US0031W,,DIXIE,AVE,37.72819142,-85.884181,19.475,4/12/2023,2238,2,2,0,0,CLEAR,DRY,FALSE,ANGLE COLLISION - OTHER,ANGLE,STRAIGHT & LEVEL,DARK-HWY LIGHTED/ON,US 31W Bypass to KY 3005,After
31566733,HARDIN,US0031W,,DIXIE,AVE,37.71950389,-85.87992313,18.824,4/17/2023,1037,2,2,0,0,CLEAR,DRY,FALSE,OTHER ROADWAY OR MID-BLOCK COLLISION,REAR END,STRAIGHT & LEVEL,DAYLIGHT,US 31W Bypass to KY 3005,After
31541797,HARDIN,US0031W,,DIXIE,AVE,37.72699056,-85.88335687,19.383,4/18/2023,1659,2,2,0,0,CLEAR,DRY,FALSE,REAR END IN TRAFFIC LANES BOTH VEHICLES MOVING,REAR END,STRAIGHT & LEVEL,DAYLIGHT,US 31W Bypass to KY 3005,After
31789339,HARDIN,US0031W,,DIXIE,AVE,37.72436698,-85.88207377,19.191,5/2/2023,1550,1,1,0,0,CLEAR,DRY,FALSE,COLLISION WITH FIXED OBJECT NON - INTERSECTION - FIRST EVENT COLLISION 09 - 32 EXCLUDING 16,SINGLE VEHICLE,STRAIGHT & LEVEL,DAYLIGHT,US 31W Bypass to KY 3005,After
31781539,HARDIN,US0031W,,DIXIE,AVE,37.72829083,-85.88400288,19.478,5/16/2023,223,2,2,0,0,RAINING,WET,FALSE,OTHER INTERSECTION COLLISIONS,REAR END,STRAIGHT & LEVEL,DAYLIGHT,US 31W Bypass to KY 3005,After
31789283,HARDIN,US0031W,,DIXIE,AVE,37.72345525,-85.88186352,19.129,5/27/2023,1140,2,2,0,0,CLEAR,DRY,FALSE,OTHER ROADWAY OR MID-BLOCK COLLISION,REAR END,STRAIGHT & LEVEL,DAYLIGHT,US 31W Bypass to KY 3005,After
31789288,HARDIN,US0031W,,DIXIE,AVE,37.71939732,-85.87987064,18.834,5/29/2023,1035,2,2,0,0,CLEAR,DRY,FALSE,OTHER INTERSECTION COLLISIONS,REAR END,STRAIGHT & LEVEL,DAYLIGHT,US 31W Bypass to KY 3005,After
31743974,HARDIN,US0031W,,DIXIE,AVE,37.72824521,-85.88397395,19.474,6/8/2023,1418,2,2,0,0,CLEAR,DRY,FALSE,ANGLE COLLISION - OTHER,ANGLE,STRAIGHT & LEVEL,DAYLIGHT,US 31W Bypass to KY 3005,After
32181571,HARDIN,US0031W,,DIXIE,AVE,37.72829375,-85.88401025,19.477,6/21/2023,813,2,2,0,0,CLOUDY,DRY,FALSE,ANGLE COLLISION - ONE VEHICLE TURNING LEFT,ANGLE,STRAIGHT & LEVEL,DAYLIGHT,US 31W Bypass to KY 3005,After
31889564,HARDIN,US0031W,,DIXIE,AVE,37.7260123,-85.88289261,19.312,6/30/2023,1423,2,2,0,0,CLOUDY,DRY,FALSE,OTHER ROADWAY OR MID-BLOCK COLLISION,REAR END,STRAIGHT & LEVEL,DAYLIGHT,US 31W Bypass to KY 3005,After
32126491,HARDIN,US0031W,,DIXIE,AVE,37.72819175,-85.8839437,19.47,8/24/2023,1200,2,2,0,0,CLEAR,DRY,FALSE,OTHER ROADWAY OR MID-BLOCK COLLISION,REAR END,STRAIGHT & LEVEL,DAYLIGHT,US 31W Bypass to KY 3005,After
32180926,HARDIN,US0031W,,DIXIE,AVE,37.72011107,-85.87998697,18.88,9/5/2023,1322,2,2,0,0,CLEAR,DRY,FALSE,1 VEHICLE ENTERING/LEAVING ENTRANCE,ANGLE,STRAIGHT & LEVEL,DAYLIGHT,US 31W Bypass to KY 3005,After
32353321,HARDIN,US0031W,,DIXIE,AVE,37.7283435,-85.88402564,19.475,9/8/2023,2127,2,2,0,0,CLEAR,DRY,FALSE,SIDESWIPE-SAME DIRECTION,SIDESWIPE-SAME DIRECTION,STRAIGHT & LEVEL,DARK-HWY LIGHTED/ON,US 31W Bypass to KY 3005,After
32169063,HARDIN,US0031W,,DIXIE,AVE,37.7282923,-85.88398955,19.478,9/8/2023,1305,2,2,0,0,CLEAR,DRY,FALSE,SIDESWIPE-SAME DIRECTION,SIDESWIPE-SAME DIRECTION,STRAIGHT & LEVEL,DAYLIGHT,US 31W Bypass to KY 3005,After
32224158,HARDIN,US0031W,,DIXIE,AVE,37.72829665,-85.88399436,19.478,9/16/2023,2143,2,2,0,0,CLEAR,DRY,FALSE,OPPOSING LEFT TURN,OPPOSING LEFT TURN,STRAIGHT & LEVEL,DARK-HWY LIGHTED/ON,US 31W Bypass to KY 3005,After
32274979,HARDIN,US0031W,,DIXIE,AVE,37.72779067,-85.88378828,19.442,9/22/2023,2210,1,1,0,0,CLEAR,DRY,FALSE,COLLISION WITH FIXED OBJECT NON - INTERSECTION - FIRST EVENT COLLISION 09 - 32 EXCLUDING 16,SINGLE VEHICLE,STRAIGHT & LEVEL,DARK-HWY LIGHTED/ON,US 31W Bypass to KY 3005,After
32367368,HARDIN,US0031W,,DIXIE,AVE,37.72302424,-85.88167546,19.098,9/28/2023,1834,1,1,0,0,CLEAR,DRY,FALSE,COLLISION WITH FIXED OBJECT NON - INTERSECTION - FIRST EVENT COLLISION 09 - 32 EXCLUDING 16,SINGLE VEHICLE,STRAIGHT & LEVEL,DUSK,US 31W Bypass to KY 3005,After
32367389,HARDIN,US0031W,,DIXIE,AVE,37.72790591,-85.88410857,19.46,9/28/2023,1734,2,2,0,0,CLEAR,DRY,FALSE,SIDESWIPE COLLISION - SAME DIRECTION,SIDESWIPE-SAME DIRECTION,STRAIGHT & LEVEL,DAYLIGHT,US 31W Bypass to KY 3005,After
32367374,HARDIN,US0031W,,DIXIE,AVE,37.7280086,-85.88385868,19.457,10/5/2023,1515,2,2,0,0,CLOUDY,DRY,FALSE,OTHER INTERSECTION COLLISIONS,REAR END,STRAIGHT & LEVEL,DAYLIGHT,US 31W Bypass to KY 3005,After
32335100,HARDIN,US0031W,1307,DIXIE,AVE,37.71991535,-85.87968655,18.859,10/11/2023,1340,1,1,0,0,CLEAR,DRY,FALSE,COLLISION WITH FIXED OBJECT NON - INTERSECTION - FIRST EVENT COLLISION 09 - 32 EXCLUDING 16,SINGLE VEHICLE,STRAIGHT & LEVEL,DAYLIGHT,US 31W Bypass to KY 3005,After
32504137,HARDIN,US0031W,,DIXIE,AVE,37.72269553,-85.88150967,19.039,11/7/2023,1400,2,2,0,0,CLEAR,DRY,FALSE,SIDESWIPE COLLISION - SAME DIRECTION,SIDESWIPE-SAME DIRECTION,STRAIGHT & LEVEL,DAYLIGHT,US 31W Bypass to KY 3005,After
32534896,HARDIN,US0031W,,DIXIE,AVE,37.72589717,-85.88277105,19.302,11/8/2023,1643,2,2,0,0,CLEAR,DRY,FALSE,REAR END IN TRAFFIC LANES BOTH VEHICLES MOVING,REAR END,STRAIGHT & LEVEL,DAYLIGHT,US 31W Bypass to KY 3005,After
32505538,HARDIN,US0031W,,DIXIE,AVE,37.7279238,-85.88380326,19.451,11/8/2023,1803,2,2,0,0,CLEAR,DRY,FALSE,OTHER INTERSECTION COLLISIONS,REAR END,STRAIGHT & LEVEL,DARK-HWY LIGHTED/ON,US 31W Bypass to KY 3005,After
32505552,HARDIN,US0031W,,DIXIE,AVE,37.72371305,-85.88198114,19.147,11/16/2023,1821,1,1,0,0,CLEAR,DRY,FALSE,COLLISION WITH ANIMAL NON INTERSECTION,SINGLE VEHICLE,STRAIGHT & LEVEL,DARK-HWY LIGHTED/ON,US 31W Bypass to KY 3005,After
32534905,HARDIN,US0031W,,DIXIE,AVE,37.72693055,-85.8836128,19.383,11/30/2023,1604,2,2,0,0,CLEAR,DRY,FALSE,SIDESWIPE COLLISION - SAME DIRECTION,SIDESWIPE-SAME DIRECTION,STRAIGHT & LEVEL,DAYLIGHT,US 31W Bypass to KY 3005,After
32692236,HARDIN,US0031W,,DIXIE,AVE,37.71958243,-85.87996011,18.823,12/12/2023,1451,2,2,0,0,CLEAR,DRY,FALSE,OTHER ROADWAY OR MID-BLOCK COLLISION,REAR END,STRAIGHT & LEVEL,DAYLIGHT,US 31W Bypass to KY 3005,After
32630560,HARDIN,US0031W,,DIXIE,AVE,37.72355306,-85.88194913,19.136,12/19/2023,1142,2,2,0,0,CLEAR,DRY,FALSE,SIDESWIPE COLLISION - SAME DIRECTION,SIDESWIPE-SAME DIRECTION,STRAIGHT & LEVEL,DAYLIGHT,US 31W Bypass to KY 3005,After
32652066,HARDIN,US0031W,,DIXIE,AVE,37.72445617,-85.88211068,19.197,12/20/2023,1828,2,2,0,0,CLEAR,DRY,FALSE,SIDESWIPE COLLISION - SAME DIRECTION,SIDESWIPE-SAME DIRECTION,STRAIGHT & LEVEL,DARK-HWY LIGHTED/ON,US 31W Bypass to KY 3005,After
32733465,HARDIN,US0031W,1608,DIXIE,AVE,37.72680513,-85.88355583,19.374,12/26/2023,1500,2,2,0,0,CLEAR,DRY,FALSE,OTHER ROADWAY OR MID-BLOCK COLLISION,REAR END,STRAIGHT & LEVEL,DAYLIGHT,US 31W Bypass to KY 3005,After
32837883,HARDIN,US0031W,,DIXIE,AVE,37.7271237,-85.8836944,19.396,1/29/2024,1717,2,2,0,0,CLEAR,DRY,FALSE,1 VEHICLE ENTERING/LEAVING ENTRANCE,ANGLE,STRAIGHT & LEVEL,DAYLIGHT,US 31W Bypass to KY 3005,After
32832449,HARDIN,US0031W,,DIXIE,AVE,37.72773008,-85.88371731,19.437,1/29/2024,1909,2,2,0,0,CLOUDY,DRY,FALSE,REAR END IN TRAFFIC LANES BOTH VEHICLES MOVING,REAR END,STRAIGHT & LEVEL,DARK-HWY NOT LIGHTED,US 31W Bypass to KY 3005,After
32823805,HARDIN,US0031W,,DIXIE,AVE,37.72244004,-85.88138794,19.047,2/2/2024,1947,3,3,0,0,CLOUDY,DRY,FALSE,REAR END IN TRAFFIC LANES BOTH VEHICLES MOVING,REAR END,STRAIGHT & LEVEL,DARK-HWY NOT LIGHTED,US 31W Bypass to KY 3005,After
33070510,HARDIN,US0031W,,DIXIE,AVE,37.72770538,-85.88371177,19.435,3/13/2024,1532,2,2,0,0,CLEAR,DRY,FALSE,COLLISION WITH FIXED OBJECT NON - INTERSECTION - FIRST EVENT COLLISION 09 - 32 EXCLUDING 16,REAR END,STRAIGHT & LEVEL,DAYLIGHT,US 31W Bypass to KY 3005,After
33141467,HARDIN,US0031W,,DIXIE,AVE,37.72785461,-85.88417157,19.374,3/19/2024,1819,2,2,0,0,CLEAR,DRY,FALSE,SIDESWIPE COLLISION - SAME DIRECTION,SIDESWIPE-SAME DIRECTION,STRAIGHT & LEVEL,DAYLIGHT,US 31W Bypass to KY 3005,After
33070501,HARDIN,US0031W,,DIXIE,AVE,37.72804814,-85.88383296,19.459,3/28/2024,1750,2,2,0,0,CLEAR,DRY,FALSE,SIDESWIPE-SAME DIRECTION,SIDESWIPE-SAME DIRECTION,STRAIGHT & LEVEL,DAYLIGHT,US 31W Bypass to KY 3005,After
33070505,HARDIN,US0031W,1502,DIXIE,AVE,37.72484836,-85.88236823,19.216,4/3/2024,1224,2,2,0,0,CLOUDY,DRY,FALSE,SIDESWIPE COLLISION - SAME DIRECTION,SIDESWIPE-SAME DIRECTION,STRAIGHT & LEVEL,DAYLIGHT,US 31W Bypass to KY 3005,After
33087433,HARDIN,US0031W,,DIXIE,AVE,37.72596358,-85.88311317,19.312,4/5/2024,1403,2,2,0,0,CLEAR,DRY,FALSE,1 VEHICLE ENTERING/LEAVING ENTRANCE,ANGLE,STRAIGHT & LEVEL,DAYLIGHT,US 31W Bypass to KY 3005,After
33215790,HARDIN,US0031W,,DIXIE,AVE,37.72299865,-85.88167451,19.096,4/9/2024,1758,2,2,0,0,CLEAR,DRY,FALSE,SIDESWIPE COLLISION - SAME DIRECTION,SIDESWIPE-SAME DIRECTION,STRAIGHT & LEVEL,DAYLIGHT,US 31W Bypass to KY 3005,After
33230194,HARDIN,US0031W,,DIXIE,AVE,37.72655865,-85.88343552,19.356,4/11/2024,1615,2,2,0,0,RAINING,WET,FALSE,SIDESWIPE COLLISION - SAME DIRECTION,SIDESWIPE-SAME DIRECTION,STRAIGHT & LEVEL,DAYLIGHT,US 31W Bypass to KY 3005,After
33202244,HARDIN,US0031W,,DIXIE,AVE,37.72602637,-85.88314279,19.317,4/23/2024,1446,2,2,0,0,CLEAR,DRY,FALSE,SIDESWIPE COLLISION - SAME DIRECTION,SIDESWIPE-SAME DIRECTION,STRAIGHT & LEVEL,DAYLIGHT,US 31W Bypass to KY 3005,After
33597451,HARDIN,US0031W,,DIXIE,AVE,37.72299802,-85.88137397,19.09,5/3/2024,1731,2,2,0,0,RAINING,WET,FALSE,OTHER ROADWAY OR MID-BLOCK COLLISION,REAR END,STRAIGHT & LEVEL,DAYLIGHT,US 31W Bypass to KY 3005,After
33228292,HARDIN,US0031W,,DIXIE,AVE,37.72820509,-85.88397403,19.472,5/9/2024,1429,2,2,0,0,CLEAR,DRY,FALSE,OTHER ROADWAY OR MID-BLOCK COLLISION,REAR END,STRAIGHT & LEVEL,DAYLIGHT,US 31W Bypass to KY 3005,After
33597464,HARDIN,US0031W,,DIXIE,AVE,37.72066292,-85.88042296,18.922,5/20/2024,1018,2,2,0,0,CLEAR,DRY,FALSE,REAR END IN TRAFFIC LANES BOTH VEHICLES MOVING,REAR END,STRAIGHT & LEVEL,DAYLIGHT,US 31W Bypass to KY 3005,After
33597363,HARDIN,US0031W,,DIXIE,AVE,37.72727128,-85.88348073,19.403,5/23/2024,1402,2,2,0,0,CLOUDY,DRY,FALSE,ANGLE COLLISION - OTHER,ANGLE,STRAIGHT & LEVEL,DAYLIGHT,US 31W Bypass to KY 3005,After
33493550,HARDIN,US0031W,,DIXIE,AVE,37.71962219,-85.87967928,18.84,6/1/2024,1650,1,1,0,0,RAINING,WET,FALSE,COLLISION WITH FIXED OBJECT NON - INTERSECTION - FIRST EVENT COLLISION 09 - 32 EXCLUDING 16,SINGLE VEHICLE,STRAIGHT & LEVEL,DAYLIGHT,US 31W Bypass to KY 3005,After
33756453,HARDIN,US0031W,,DIXIE,AVE,37.72684888,-85.88324627,19.372,6/20/2024,1511,2,2,0,0,CLEAR,DRY,FALSE,SIDESWIPE COLLISION - SAME DIRECTION,SIDESWIPE-SAME DIRECTION,STRAIGHT & LEVEL,DAYLIGHT,US 31W Bypass to KY 3005,After
33597406,HARDIN,US0031W,,DIXIE,AVE,37.72823251,-85.88397588,19.474,6/29/2024,1740,2,2,0,0,CLEAR,DRY,FALSE,COLLISION WITH FIXED OBJECT IN INTERSECTION - FIRST EVENT COLLISION 09 - 32,REAR END,STRAIGHT & LEVEL,DAYLIGHT,US 31W Bypass to KY 3005,After
33756575,HARDIN,US0031W,,DIXIE,AVE,37.72624989,-85.88325994,19.333,7/1/2024,1230,2,2,0,0,CLEAR,DRY,FALSE,1 VEHICLE ENTERING/LEAVING ENTRANCE,ANGLE,STRAIGHT & LEVEL,DAYLIGHT,US 31W Bypass to KY 3005,After
33556142,HARDIN,US0031W,,DIXIE,AVE,37.71987286,-85.88013877,18.866,7/18/2024,1717,3,3,0,0,CLEAR,DRY,FALSE,REAR END IN TRAFFIC LANES BOTH VEHICLES MOVING,REAR END,STRAIGHT & LEVEL,DAYLIGHT,US 31W Bypass to KY 3005,After
33756571,HARDIN,US0031W,,DIXIE,AVE,37.71984426,-85.88008004,18.863,7/23/2024,1531,2,2,0,0,CLOUDY,DRY,FALSE,REAR END IN TRAFFIC LANES BOTH VEHICLES MOVING,REAR END,STRAIGHT & LEVEL,DAYLIGHT,US 31W Bypass to KY 3005,After
33756470,HARDIN,US0031W,,DIXIE,AVE,37.72339229,-85.88186216,19.118,7/26/2024,1146,2,2,0,0,CLEAR,DRY,FALSE,SIDESWIPE-SAME DIRECTION,SIDESWIPE-SAME DIRECTION,STRAIGHT & LEVEL,DAYLIGHT,US 31W Bypass to KY 3005,After
33737507,HARDIN,US0031W,,DIXIE,AVE,37.72730069,-85.88346434,19.403,8/5/2024,1727,2,2,0,0,CLEAR,DRY,FALSE,ANGLE COLLISION - OTHER,ANGLE,STRAIGHT & LEVEL,DAYLIGHT,US 31W Bypass to KY 3005,After
33737509,HARDIN,US0031W,,DIXIE,AVE,37.72835811,-85.88402511,19.474,8/11/2024,1844,2,2,0,0,CLEAR,DRY,FALSE,ANGLE COLLISION - OTHER,ANGLE,STRAIGHT & LEVEL,DAYLIGHT,US 31W Bypass to KY 3005,After
33737489,HARDIN,US0031W,,DIXIE,AVE,37.72825752,-85.88397876,19.475,8/13/2024,1022,2,2,0,0,CLEAR,DRY,FALSE,OTHER ROADWAY OR MID-BLOCK COLLISION,REAR END,STRAIGHT & LEVEL,DAYLIGHT,US 31W Bypass to KY 3005,After
18830112,HARDIN,US0031W,,DIXIE,AVE,37.7270714,-85.8833995,19.389,1/2/2017,1258,2,2,0,0,RAINING,WET,FALSE,OTHER ROADWAY OR MID-BLOCK COLLISION,REAR END,STRAIGHT & LEVEL,DAYLIGHT,US 31W Bypass to KY 3005,Before
18980350,HARDIN,US0031W,,DIXIE,AVE,37.7281381,-85.8838923,19.466,1/26/2017,1227,2,2,0,0,CLOUDY,DRY,FALSE,REAR END IN TRAFFIC ONE VEHICLE STOPPED,REAR END,STRAIGHT & LEVEL,DAYLIGHT,US 31W Bypass to KY 3005,Before
19086772,HARDIN,US0031W,,DIXIE,AVE,37.7201898,-85.8802963,18.89,2/3/2017,1946,2,2,0,0,CLEAR,DRY,FALSE,REAR END IN TRAFFIC LANES BOTH VEHICLES MOVING,REAR END,STRAIGHT & LEVEL,DARK-HWY LIGHTED/ON,US 31W Bypass to KY 3005,Before
19218595,HARDIN,US0031W,,DIXIE,AVE,37.7260026,-85.8830547,19.315,2/24/2017,1251,2,2,0,0,CLEAR,DRY,FALSE,1 VEHICLE ENTERING/LEAVING ENTRANCE,ANGLE,STRAIGHT & LEVEL,DAYLIGHT,US 31W Bypass to KY 3005,Before
19218599,HARDIN,US0031W,,DIXIE,AVE,37.7260651,-85.8828973,19.315,2/28/2017,1206,2,2,0,0,CLOUDY,DRY,FALSE,OTHER ROADWAY OR MID-BLOCK COLLISION,OPPOSING LEFT TURN,STRAIGHT & LEVEL,DAYLIGHT,US 31W Bypass to KY 3005,Before
19213100,HARDIN,US0031W,,DIXIE,AVE,37.7272436,-85.8837576,19.405,3/2/2017,1027,2,2,0,0,CLEAR,DRY,FALSE,REAR END - ONE VEHICLE TURNING RIGHT,REAR END,STRAIGHT & LEVEL,DAYLIGHT,US 31W Bypass to KY 3005,Before
19306330,HARDIN,US0031W,,DIXIE,AVE,37.7282446,-85.8839665,19.474,3/4/2017,1241,2,2,0,0,CLEAR,DRY,FALSE,REAR END IN TRAFFIC LANES BOTH VEHICLES MOVING,REAR END,STRAIGHT & LEVEL,DAYLIGHT,US 31W Bypass to KY 3005,Before
19409229,HARDIN,US0031W,,DIXIE,AVE,37.7282945,-85.8839944,19.478,3/24/2017,1831,2,2,0,0,CLEAR,DRY,FALSE,REAR END - OTHER,REAR END,STRAIGHT & LEVEL,DAYLIGHT,US 31W Bypass to KY 3005,Before
19409236,HARDIN,US0031W,,DIXIE,AVE,37.7280255,-85.8838671,19.458,3/26/2017,1000,2,2,0,0,CLOUDY,WET,FALSE,REAR END IN TRAFFIC ONE VEHICLE STOPPED,REAR END,STRAIGHT & LEVEL,DAYLIGHT,US 31W Bypass to KY 3005,Before
19515316,HARDIN,US0031W,,DIXIE,AVE,37.7255496,-85.8830008,19.284,4/7/2017,1620,2,2,0,1,CLEAR,DRY,FALSE,1 VEHICLE ENTERING/LEAVING ENTRANCE,ANGLE,STRAIGHT & LEVEL,DAYLIGHT,US 31W Bypass to KY 3005,Before
19515319,HARDIN,US0031W,,DIXIE,AVE,37.7277615,-85.883827,19.405,4/8/2017,1058,2,2,0,0,CLEAR,DRY,FALSE,OTHER ROADWAY OR MID-BLOCK COLLISION,REAR END,STRAIGHT & LEVEL,DAYLIGHT,US 31W Bypass to KY 3005,Before
19515321,HARDIN,US0031W,,DIXIE,AVE,37.728293,-85.8839881,19.478,4/9/2017,1413,2,2,0,0,CLEAR,DRY,FALSE,REAR END - ONE VEHICLE TURNING RIGHT,REAR END,STRAIGHT & LEVEL,DAYLIGHT,US 31W Bypass to KY 3005,Before
19517895,HARDIN,US0031W,,DIXIE,AVE,37.7203926,-85.8803535,18.904,4/12/2017,1621,3,3,0,1,CLEAR,DRY,FALSE,OTHER ROADWAY OR MID-BLOCK COLLISION,OPPOSING LEFT TURN,STRAIGHT & LEVEL,DAYLIGHT,US 31W Bypass to KY 3005,Before