IncidentID,County,RdwyNumber,Street,RoadwayName,StreetSfx,Latitude,Longitude,Milepoint,CollisionDate,CollisionTime,UnitsInvolved,MotorVehiclesInvolved,NumberKilled,NumberInjured,Weather,RdwyConditionCode,HitandRun,DirAnalysisCode,MannerofCollision,RdwyCharacter,LightCondition,Section,Before/After Construction
19605625,HARDIN,US0031W,,DIXIE,AVE,37.7198625,-85.8801203,18.865,4/28/2017,1739,2,2,0,0,CLEAR,DRY,FALSE,REAR END IN TRAFFIC LANES BOTH VEHICLES MOVING,REAR END,STRAIGHT & LEVEL,DAYLIGHT,US 31W Bypass to KY 3005,Before
19788936,HARDIN,US0031W,,DIXIE,AVE,37.7281698,-85.8839324,19.469,5/2/2017,1425,2,2,0,0,CLEAR,DRY,FALSE,ANGLE COLLISION - OTHER,ANGLE,STRAIGHT & LEVEL,DAYLIGHT,US 31W Bypass to KY 3005,Before
19655509,HARDIN,US0031W,,DIXIE,AVE,37.7270138,-85.8833722,19.385,5/7/2017,1359,2,2,0,0,CLEAR,DRY,FALSE,REAR END IN TRAFFIC ONE VEHICLE STOPPED,REAR END,STRAIGHT & LEVEL,DAYLIGHT,US 31W Bypass to KY 3005,Before
19655505,HARDIN,US0031W,,DIXIE,AVE,37.7271039,-85.8833724,19.39,5/7/2017,1354,2,2,0,0,CLEAR,DRY,FALSE,REAR END IN TRAFFIC ONE VEHICLE STOPPED,REAR END,STRAIGHT & LEVEL,DAYLIGHT,US 31W Bypass to KY 3005,Before
19870213,HARDIN,US0031W,,DIXIE,AVE,37.72766079,-85.88367257,19.431,5/20/2017,1303,2,2,0,0,CLEAR,DRY,FALSE,OTHER ROADWAY OR MID-BLOCK COLLISION,REAR END,STRAIGHT & LEVEL,DAYLIGHT,US 31W Bypass to KY 3005,Before
19890959,HARDIN,US0031W,,DIXIE,AVE,37.72704709,-85.88365328,19.391,5/22/2017,805,2,2,0,0,CLEAR,DRY,FALSE,SIDESWIPE COLLISION - SAME DIRECTION,SIDESWIPE-SAME DIRECTION,STRAIGHT & LEVEL,DAYLIGHT,US 31W Bypass to KY 3005,Before
19993508,HARDIN,US0031W,,DIXIE,AVE,37.72622136,-85.88300432,19.327,6/9/2017,1424,2,2,0,0,CLEAR,DRY,FALSE,OTHER ROADWAY OR MID-BLOCK COLLISION,OPPOSING LEFT TURN,STRAIGHT & LEVEL,DAYLIGHT,US 31W Bypass to KY 3005,Before
20085521,HARDIN,US0031W,,DIXIE,AVE,37.72825183,-85.88417079,19.365,6/13/2017,138,2,2,0,0,CLEAR,DRY,FALSE,ANGLE COLLISION - OTHER,ANGLE,STRAIGHT & LEVEL,DARK-HWY LIGHTED/ON,US 31W Bypass to KY 3005,Before
20254142,HARDIN,US0031W,,DIXIE,AVE,37.72820323,-85.88393905,19.471,7/16/2017,1509,2,2,0,0,CLEAR,DRY,TRUE,OTHER ROADWAY OR MID-BLOCK COLLISION,REAR END,STRAIGHT & LEVEL,DAYLIGHT,US 31W Bypass to KY 3005,Before
20291754,HARDIN,US0031W,,DIXIE,AVE,37.7194504,-85.87988571,18.837,7/25/2017,1625,4,4,0,0,CLOUDY,DRY,FALSE,REAR END IN TRAFFIC LANES BOTH VEHICLES MOVING,REAR END,STRAIGHT & GRADE,DAYLIGHT,US 31W Bypass to KY 3005,Before
20483006,HARDIN,US0031W,,DIXIE,AVE,37.71940483,-85.87984508,18.824,7/26/2017,1359,3,3,0,0,CLEAR,DRY,FALSE,OTHER ROADWAY OR MID-BLOCK COLLISION,REAR END,STRAIGHT & LEVEL,DAYLIGHT,US 31W Bypass to KY 3005,Before
20438135,HARDIN,US0031W,,DIXIE,AVE,37.72730761,-85.88346719,19.403,8/3/2017,1310,2,2,0,2,CLEAR,DRY,FALSE,1 VEHICLE ENTERING/LEAVING ENTRANCE,ANGLE,STRAIGHT & LEVEL,DAYLIGHT,US 31W Bypass to KY 3005,Before
20467899,HARDIN,US0031W,,DIXIE,AVE,37.72305401,-85.88166165,19.099,8/24/2017,1501,2,2,0,0,CLEAR,DRY,FALSE,SIDESWIPE COLLISION - SAME DIRECTION,SIDESWIPE-SAME DIRECTION,STRAIGHT & LEVEL,DAYLIGHT,US 31W Bypass to KY 3005,Before
20467911,HARDIN,US0031W,,DIXIE,AVE,37.72823543,-85.88397148,19.474,8/30/2017,1742,3,3,0,2,CLEAR,DRY,FALSE,OTHER ROADWAY OR MID-BLOCK COLLISION,REAR END,STRAIGHT & LEVEL,DAYLIGHT,US 31W Bypass to KY 3005,Before
20557142,HARDIN,US0031W,,DIXIE,AVE,37.7275891,-85.88365899,19.427,9/2/2017,1611,2,2,0,0,CLEAR,DRY,TRUE,OTHER ROADWAY OR MID-BLOCK COLLISION,REAR END,STRAIGHT & LEVEL,DAYLIGHT,US 31W Bypass to KY 3005,Before
20610694,HARDIN,US0031W,,DIXIE,AVE,37.728246,-85.883983,19.475,9/12/2017,1335,2,2,0,0,CLEAR,DRY,FALSE,,REAR END,STRAIGHT & LEVEL,DAYLIGHT,US 31W Bypass to KY 3005,Before
20646313,HARDIN,US0031W,,DIXIE,AVE,37.72822826,-85.88397387,19.473,9/15/2017,1028,2,2,0,0,CLEAR,DRY,TRUE,OTHER ROADWAY OR MID-BLOCK COLLISION,REAR END,STRAIGHT & LEVEL,DAYLIGHT,US 31W Bypass to KY 3005,Before
20601957,HARDIN,US0031W,,DIXIE,AVE,37.7270533,-85.8837021,19.392,9/20/2017,1509,2,2,0,0,CLEAR,DRY,FALSE,,SIDESWIPE-SAME DIRECTION,STRAIGHT & GRADE,DAYLIGHT,US 31W Bypass to KY 3005,Before
20684701,HARDIN,US0031W,,DIXIE,AVE,37.72818411,-85.88393099,19.47,10/2/2017,1542,2,2,0,0,CLEAR,DRY,FALSE,OTHER INTERSECTION COLLISIONS,REAR END,STRAIGHT & LEVEL,DAYLIGHT,US 31W Bypass to KY 3005,Before
20684699,HARDIN,US0031W,,DIXIE,AVE,37.71934492,-85.87985582,18.831,10/3/2017,1305,2,2,0,0,CLEAR,DRY,FALSE,OTHER ROADWAY OR MID-BLOCK COLLISION,REAR END,STRAIGHT & LEVEL,DAYLIGHT,US 31W Bypass to KY 3005,Before
20693375,HARDIN,US0031W,,DIXIE,AVE,37.7273435,-85.8835298,19.409,10/7/2017,1244,2,2,0,0,CLOUDY,DRY,FALSE,,REAR END,STRAIGHT & LEVEL,DAYLIGHT,US 31W Bypass to KY 3005,Before
20770584,HARDIN,US0031W,,DIXIE,AVE,37.7275003,-85.883893,19.427,10/19/2017,1317,2,2,0,0,CLEAR,DRY,FALSE,,REAR END,STRAIGHT & GRADE,DAYLIGHT,US 31W Bypass to KY 3005,Before
20811885,HARDIN,US0031W,,DIXIE,AVE,37.7195145,-85.8799019,18.841,10/21/2017,1139,2,2,0,0,CLEAR,DRY,FALSE,,REAR END,STRAIGHT & LEVEL,DAYLIGHT,US 31W Bypass to KY 3005,Before
20785663,HARDIN,US0031W,,DIXIE,AVE,37.726689,-85.8835806,19.367,10/23/2017,1838,2,2,0,0,CLEAR,WET,FALSE,,SIDESWIPE-SAME DIRECTION,STRAIGHT & GRADE,DAYLIGHT,US 31W Bypass to KY 3005,Before
20785660,HARDIN,US0031W,,DIXIE,AVE,37.7281842,-85.8839419,19.47,10/23/2017,812,2,2,0,0,RAINING,WET,FALSE,,REAR END,STRAIGHT & LEVEL,DAWN,US 31W Bypass to KY 3005,Before
20902480,HARDIN,US0031W,,DIXIE,AVE,37.72626653,-85.88299473,19.33,11/4/2017,1219,2,2,0,0,CLOUDY,DRY,FALSE,1 VEHICLE ENTERING/LEAVING ENTRANCE,ANGLE,STRAIGHT & LEVEL,DAYLIGHT,US 31W Bypass to KY 3005,Before
20890649,HARDIN,US0031W,,DIXIE,AVE,37.72764642,-85.88371285,19.431,11/6/2017,1814,2,2,0,0,CLOUDY,DRY,FALSE,REAR END IN TRAFFIC LANES BOTH VEHICLES MOVING,REAR END,STRAIGHT & LEVEL,DARK-HWY LIGHTED/ON,US 31W Bypass to KY 3005,Before
20950743,HARDIN,US0031W,,DIXIE,AVE,37.72677619,-85.88355038,19.372,11/15/2017,1743,2,2,0,0,RAINING,WET,FALSE,SIDESWIPE COLLISION - SAME DIRECTION,SIDESWIPE-SAME DIRECTION,STRAIGHT & LEVEL,DARK-HWY LIGHTED/ON,US 31W Bypass to KY 3005,Before
22633946,HARDIN,US0031W,,DIXIE,AVE,37.72662821,-85.88316168,19.356,11/23/2017,2109,2,2,0,0,CLEAR,DRY,FALSE,SIDESWIPE COLLISION - SAME DIRECTION,SIDESWIPE-SAME DIRECTION,STRAIGHT & LEVEL,DARK-HWY LIGHTED/ON,US 31W Bypass to KY 3005,Before
21037475,HARDIN,US0031W,,DIXIE,AVE,37.7234011,-85.8815547,19.12,11/30/2017,1300,3,3,0,1,CLOUDY,DRY,FALSE,,ANGLE,STRAIGHT & LEVEL,DAYLIGHT,US 31W Bypass to KY 3005,Before
21429748,HARDIN,US0031W,,DIXIE,AVE,37.7265141,-85.8832117,19.35,11/30/2017,1146,2,2,0,0,CLOUDY,WET,FALSE,,ANGLE,STRAIGHT & GRADE,DAYLIGHT,US 31W Bypass to KY 3005,Before
21079821,HARDIN,US0031W,,DIXIE,AVE,37.7268062,-85.883232,19.369,12/3/2017,1326,2,2,0,0,CLEAR,DRY,FALSE,,ANGLE,STRAIGHT & LEVEL,DAYLIGHT,US 31W Bypass to KY 3005,Before
22540324,HARDIN,US0031W,,DIXIE,AVE,37.72803728,-85.88381313,19.458,12/8/2017,1100,2,2,0,0,CLEAR,DRY,FALSE,REAR END IN TRAFFIC LANES BOTH VEHICLES MOVING,REAR END,STRAIGHT & LEVEL,DAYLIGHT,US 31W Bypass to KY 3005,Before
21369358,HARDIN,US0031W,,DIXIE,AVE,37.728266,-85.88398094,19.476,12/8/2017,1613,2,2,0,0,CLEAR,DRY,FALSE,OTHER ROADWAY OR MID-BLOCK COLLISION,REAR END,STRAIGHT & LEVEL,DAYLIGHT,US 31W Bypass to KY 3005,Before
22976165,HARDIN,US0031W,,DIXIE,AVE,37.7261488,-85.8831982,19.325,12/15/2017,1208,2,2,0,1,CLEAR,DRY,FALSE,,ANGLE,STRAIGHT & LEVEL,DAYLIGHT,US 31W Bypass to KY 3005,Before
22688193,HARDIN,US0031W,,DIXIE,AVE,37.7281221,-85.88391544,19.465,12/16/2017,200,2,2,0,0,CLEAR,DRY,FALSE,SIDESWIPE COLLISION - SAME DIRECTION,SIDESWIPE-SAME DIRECTION,STRAIGHT & LEVEL,DARK-HWY LIGHTED/ON,US 31W Bypass to KY 3005,Before
23613985,HARDIN,US0031W,,DIXIE,AVE,37.72399841,-85.88184823,19.163,12/20/2017,1223,2,2,0,0,CLEAR,DRY,FALSE,OTHER ROADWAY OR MID-BLOCK COLLISION,REAR END,STRAIGHT & LEVEL,DAYLIGHT,US 31W Bypass to KY 3005,Before
22653019,HARDIN,US0031W,,DIXIE,AVE,37.7223058,-85.881023,19.039,12/23/2017,2037,1,1,0,1,CLEAR,DRY,FALSE,,SINGLE VEHICLE,STRAIGHT & LEVEL,DARK-HWY LIGHTED/ON,US 31W Bypass to KY 3005,Before
22633901,HARDIN,US0031W,,DIXIE,AVE,37.7270526,-85.88336521,19.387,12/26/2017,1231,3,3,0,0,CLEAR,DRY,FALSE,OTHER ROADWAY OR MID-BLOCK COLLISION,REAR END,STRAIGHT & LEVEL,DAYLIGHT,US 31W Bypass to KY 3005,Before
22697151,HARDIN,US0031W,,DIXIE,AVE,37.72338571,-85.88184063,19.118,1/8/2018,516,2,2,0,0,"SLEET, HAIL, FREEZING RAIN",WET,FALSE,ANGLE COLLISION - OTHER,ANGLE,STRAIGHT & LEVEL,DARK-HWY LIGHTED/ON,US 31W Bypass to KY 3005,Before
22720780,HARDIN,US0031W,,DIXIE,AVE,37.72823794,-85.8839638,19.474,1/11/2018,1856,2,2,0,0,CLEAR,DRY,FALSE,REAR END IN TRAFFIC LANES BOTH VEHICLES MOVING,REAR END,STRAIGHT & LEVEL,DARK-HWY LIGHTED/ON,US 31W Bypass to KY 3005,Before
22757524,HARDIN,US0031W,,DIXIE,AVE,37.72728947,-85.88349772,19.404,1/12/2018,1432,2,2,0,0,CLEAR,DRY,FALSE,ANGLE COLLISION - OTHER,ANGLE,STRAIGHT & LEVEL,DAYLIGHT,US 31W Bypass to KY 3005,Before
22733285,HARDIN,US0031W,,DIXIE,AVE,37.72770298,-85.8836997,19.383,1/15/2018,1513,2,2,0,0,SNOWING,SNOW/SLUSH,FALSE,REAR END IN TRAFFIC LANES BOTH VEHICLES MOVING,REAR END,STRAIGHT & GRADE,DAYLIGHT,US 31W Bypass to KY 3005,Before
22928070,HARDIN,US0031W,,DIXIE,AVE,37.72829685,-85.88400677,19.478,1/26/2018,913,2,2,0,0,CLEAR,DRY,FALSE,REAR END IN TRAFFIC LANES BOTH VEHICLES MOVING,REAR END,STRAIGHT & LEVEL,DAYLIGHT,US 31W Bypass to KY 3005,Before
22824671,HARDIN,US0031W,,DIXIE,AVE,37.7258803,-85.88310512,19.307,1/30/2018,1340,2,2,0,0,CLEAR,DRY,FALSE,1 VEHICLE ENTERING/LEAVING ENTRANCE,ANGLE,STRAIGHT & LEVEL,DAYLIGHT,US 31W Bypass to KY 3005,Before
22824668,HARDIN,US0031W,,DIXIE,AVE,37.72794841,-85.88389698,19.454,1/30/2018,835,2,2,0,0,CLEAR,DRY,FALSE,OTHER ROADWAY OR MID-BLOCK COLLISION,REAR END,STRAIGHT & LEVEL,DAYLIGHT,US 31W Bypass to KY 3005,Before
22871866,HARDIN,US0031W,,DIXIE,AVE,37.7220982,-85.88095153,19.025,1/31/2018,1744,2,2,0,0,CLEAR,DRY,FALSE,OTHER COLLISIONS ON SHOULDER,ANGLE,STRAIGHT & LEVEL,DAYLIGHT,US 31W Bypass to KY 3005,Before
22988185,HARDIN,US0031W,,DIXIE,AVE,37.71997978,-85.8801671,18.873,2/26/2018,1724,2,2,0,0,CLEAR,DRY,FALSE,REAR END IN TRAFFIC LANES BOTH VEHICLES MOVING,REAR END,STRAIGHT & LEVEL,DAYLIGHT,US 31W Bypass to KY 3005,Before
23018797,HARDIN,US0031W,,DIXIE,AVE,37.72334536,-85.88183705,19.121,2/28/2018,1726,2,2,0,2,CLEAR,DRY,FALSE,ANGLE COLLISION - OTHER,ANGLE,STRAIGHT & LEVEL,DAYLIGHT,US 31W Bypass to KY 3005,Before
23156351,HARDIN,US0031W,,DIXIE,AVE,37.72794979,-85.8838757,19.454,2/28/2018,1925,2,2,0,0,RAINING,WET,FALSE,REAR END IN TRAFFIC LANES BOTH VEHICLES MOVING,REAR END,STRAIGHT & LEVEL,DARK-HWY LIGHTED/ON,US 31W Bypass to KY 3005,Before
23156352,HARDIN,US0031W,,DIXIE,AVE,37.7282149,-85.88395884,19.472,3/1/2018,1042,3,3,0,0,CLOUDY,DRY,FALSE,REAR END IN TRAFFIC LANES BOTH VEHICLES MOVING,REAR END,STRAIGHT & LEVEL,DAYLIGHT,US 31W Bypass to KY 3005,Before
23156258,HARDIN,US0031W,,DIXIE,AVE,37.72811658,-85.88388948,19.465,3/17/2018,1215,2,2,0,0,CLEAR,DRY,FALSE,SIDESWIPE COLLISION - SAME DIRECTION,SIDESWIPE-SAME DIRECTION,STRAIGHT & LEVEL,DAYLIGHT,US 31W Bypass to KY 3005,Before
23343360,HARDIN,US0031W,,DIXIE,AVE,37.72036019,-85.88008227,18.897,3/21/2018,1424,2,2,0,0,CLOUDY,WET,FALSE,REAR END IN TRAFFIC LANES BOTH VEHICLES MOVING,REAR END,STRAIGHT & LEVEL,DAYLIGHT,US 31W Bypass to KY 3005,Before
23154172,HARDIN,US0031W,,DIXIE,AVE,37.72828594,-85.88406813,19.474,3/24/2018,1120,2,2,0,0,RAINING,WET,FALSE,SIDESWIPE-SAME DIRECTION,SIDESWIPE-SAME DIRECTION,CURVE & LEVEL,DAYLIGHT,US 31W Bypass to KY 3005,Before
23179207,HARDIN,US0031W,,DIXIE,AVE,37.72459636,-85.88221264,19.208,3/27/2018,1641,2,2,0,0,CLEAR,DRY,FALSE,SIDESWIPE COLLISION - SAME DIRECTION,SIDESWIPE-SAME DIRECTION,STRAIGHT & LEVEL,DAYLIGHT,US 31W Bypass to KY 3005,Before
23204329,HARDIN,US0031W,,DIXIE,AVE,37.72639255,-85.88306231,19.339,3/30/2018,1553,2,2,0,0,CLEAR,DRY,FALSE,OTHER ROADWAY OR MID-BLOCK COLLISION,REAR END,STRAIGHT & LEVEL,DAYLIGHT,US 31W Bypass to KY 3005,Before
23253186,HARDIN,US0031W,,DIXIE,AVE,37.72648113,-85.88312939,19.346,4/5/2018,1518,2,2,0,0,CLEAR,DRY,FALSE,REAR END IN TRAFFIC LANES BOTH VEHICLES MOVING,REAR END,STRAIGHT & LEVEL,DAYLIGHT,US 31W Bypass to KY 3005,Before
23232494,HARDIN,US0031W,1500,DIXIE,AVE,37.72709695,-85.88338121,19.39,4/7/2018,1000,2,2,0,0,SNOWING,WET,FALSE,SIDESWIPE COLLISION - SAME DIRECTION,SIDESWIPE-SAME DIRECTION,STRAIGHT & LEVEL,DAYLIGHT,US 31W Bypass to KY 3005,Before
23278149,HARDIN,US0031W,,DIXIE,AVE,37.72039313,-85.88035373,18.904,4/13/2018,2046,2,2,0,0,CLEAR,DRY,TRUE,SIDESWIPE COLLISION - SAME DIRECTION,SIDESWIPE-SAME DIRECTION,STRAIGHT & LEVEL,DUSK,US 31W Bypass to KY 3005,Before
23273854,HARDIN,US0031W,,DIXIE,AVE,37.72243105,-85.8813742,19.047,4/13/2018,2055,2,2,0,0,CLEAR,DRY,TRUE,SIDESWIPE COLLISION - SAME DIRECTION,SIDESWIPE-SAME DIRECTION,STRAIGHT & LEVEL,DARK-HWY NOT LIGHTED,US 31W Bypass to KY 3005,Before
23281096,HARDIN,US0031W,,DIXIE,AVE,37.72554733,-85.88296757,19.283,4/13/2018,1040,2,2,0,0,CLOUDY,DRY,FALSE,1 VEHICLE ENTERING/LEAVING ENTRANCE,ANGLE,STRAIGHT & LEVEL,DAYLIGHT,US 31W Bypass to KY 3005,Before
23308677,HARDIN,US0031W,,DIXIE,AVE,37.72041213,-85.88038213,18.906,4/14/2018,1349,2,2,0,0,CLOUDY,WET,FALSE,REAR END IN TRAFFIC LANES BOTH VEHICLES MOVING,REAR END,STRAIGHT & LEVEL,DAYLIGHT,US 31W Bypass to KY 3005,Before
23296129,HARDIN,US0031W,,DIXIE,AVE,37.72815239,-85.88417748,19.466,4/16/2018,1632,2,2,0,0,CLOUDY,WET,FALSE,SIDESWIPE-SAME DIRECTION,SIDESWIPE-SAME DIRECTION,STRAIGHT & LEVEL,DAYLIGHT,US 31W Bypass to KY 3005,Before
23422069,HARDIN,US0031W,,DIXIE,AVE,37.7265345,-85.88340132,19.354,5/3/2018,1212,2,2,0,0,CLEAR,DRY,FALSE,REAR END IN TRAFFIC LANES BOTH VEHICLES MOVING,REAR END,STRAIGHT & LEVEL,DUSK,US 31W Bypass to KY 3005,Before
23477303,HARDIN,US0031W,,DIXIE,AVE,37.72700039,-85.88333222,19.383,5/25/2018,1222,2,2,0,0,CLEAR,DRY,FALSE,REAR END IN TRAFFIC LANES BOTH VEHICLES MOVING,REAR END,STRAIGHT & LEVEL,DAYLIGHT,US 31W Bypass to KY 3005,Before
23684833,HARDIN,US0031W,,DIXIE,AVE,37.72736663,-85.88353698,19.4,6/1/2018,1422,2,2,0,0,CLEAR,DRY,FALSE,OTHER ROADWAY OR MID-BLOCK COLLISION,REAR END,STRAIGHT & LEVEL,DAYLIGHT,US 31W Bypass to KY 3005,Before
23520387,HARDIN,US0031W,,DIXIE,AVE,37.72700759,-85.88363703,19.388,6/4/2018,1342,2,2,0,1,CLEAR,DRY,FALSE,1 VEHICLE ENTERING/LEAVING ENTRANCE,ANGLE,STRAIGHT & LEVEL,DAYLIGHT,US 31W Bypass to KY 3005,Before
27210695,HARDIN,US0031W,,DIXIE,AVE,37.7268908,-85.88329299,19.375,6/20/2018,1700,2,1,0,0,CLEAR,DRY,FALSE,1 VEHICLE ENTERING/LEAVING ENTRANCE,ANGLE,STRAIGHT & LEVEL,DAYLIGHT,US 31W Bypass to KY 3005,Before
23655341,HARDIN,US0031W,,DIXIE,AVE,37.71915252,-85.87975299,18.818,7/6/2018,1257,2,2,0,0,CLEAR,DRY,FALSE,ANGLE COLLISION - ONE VEHICLE TURNING LEFT,ANGLE,STRAIGHT & LEVEL,DAYLIGHT,US 31W Bypass to KY 3005,Before
26298773,HARDIN,US0031W,,DIXIE,AVE,37.72770506,-85.88399138,19.444,7/17/2018,,2,1,0,0,CLEAR,DRY,TRUE,SIDESWIPE COLLISION - SAME DIRECTION,SIDESWIPE-SAME DIRECTION,STRAIGHT & LEVEL,DAYLIGHT,US 31W Bypass to KY 3005,Before
25107832,HARDIN,US0031W,,DIXIE,AVE,37.72619642,-85.88331229,19.331,7/24/2018,1250,3,1,0,1,CLEAR,DRY,FALSE,OTHER ROADWAY OR MID-BLOCK COLLISION,OPPOSING LEFT TURN,STRAIGHT & LEVEL,DAYLIGHT,US 31W Bypass to KY 3005,Before
23775492,HARDIN,US0031W,,DIXIE,AVE,37.72710057,-85.88333018,19.389,7/24/2018,1138,2,2,0,1,CLEAR,DRY,FALSE,REAR END IN TRAFFIC LANES BOTH VEHICLES MOVING,REAR END,STRAIGHT & LEVEL,DAYLIGHT,US 31W Bypass to KY 3005,Before
23775493,HARDIN,US0031W,,DIXIE,AVE,37.728071,-85.88384401,19.461,7/25/2018,1557,2,2,0,0,CLEAR,DRY,FALSE,OTHER ROADWAY OR MID-BLOCK COLLISION,REAR END,STRAIGHT & LEVEL,DAYLIGHT,US 31W Bypass to KY 3005,Before
23758628,HARDIN,US0031W,1505,DIXIE,AVE,37.72648585,-85.88308721,19.345,7/31/2018,959,2,2,0,2,CLEAR,DRY,FALSE,1 VEHICLE ENTERING/LEAVING ENTRANCE,ANGLE,STRAIGHT & LEVEL,DAYLIGHT,US 31W Bypass to KY 3005,Before
23786418,HARDIN,US0031W,,DIXIE,AVE,37.72685701,-85.88331272,19.373,8/6/2018,1256,2,2,0,0,CLEAR,DRY,FALSE,OTHER ROADWAY OR MID-BLOCK COLLISION,REAR END,STRAIGHT & GRADE,DAYLIGHT,US 31W Bypass to KY 3005,Before
23957205,HARDIN,US0031W,,DIXIE,AVE,37.72829282,-85.88425218,19.364,8/30/2018,1600,2,2,0,1,CLEAR,DRY,FALSE,ANGLE COLLISION - OTHER,ANGLE,STRAIGHT & LEVEL,DAYLIGHT,US 31W Bypass to KY 3005,Before
23957203,HARDIN,US0031W,,DIXIE,AVE,37.72708979,-85.88343106,19.39,9/4/2018,1333,3,3,0,0,CLEAR,DRY,FALSE,OTHER ROADWAY OR MID-BLOCK COLLISION,REAR END,STRAIGHT & LEVEL,DAYLIGHT,US 31W Bypass to KY 3005,Before
24075641,HARDIN,US0031W,,DIXIE,AVE,37.72744104,-85.88356668,19.415,10/3/2018,1748,2,2,0,0,CLEAR,DRY,FALSE,OTHER ROADWAY OR MID-BLOCK COLLISION,REAR END,STRAIGHT & LEVEL,DAYLIGHT,US 31W Bypass to KY 3005,Before
24125868,HARDIN,US0031W,,DIXIE,AVE,37.72736632,-85.88350301,19.4,10/8/2018,1143,2,2,0,0,CLEAR,DRY,FALSE,1 VEHICLE ENTERING/LEAVING ENTRANCE,ANGLE,STRAIGHT & LEVEL,DAYLIGHT,US 31W Bypass to KY 3005,Before
24164106,HARDIN,US0031W,,DIXIE,AVE,37.72795059,-85.88379384,19.374,10/11/2018,1554,2,2,0,0,CLEAR,DRY,FALSE,REAR END IN TRAFFIC LANES BOTH VEHICLES MOVING,REAR END,STRAIGHT & LEVEL,DAYLIGHT,US 31W Bypass to KY 3005,Before
24298932,HARDIN,US0031W,,DIXIE,AVE,37.71941398,-85.87986817,18.824,11/3/2018,1230,2,2,0,0,CLEAR,DRY,FALSE,OTHER ROADWAY OR MID-BLOCK COLLISION,REAR END,STRAIGHT & LEVEL,DAYLIGHT,US 31W Bypass to KY 3005,Before
24206937,HARDIN,US0031W,,DIXIE,AVE,37.72071666,-85.88053172,18.928,11/4/2018,1810,2,2,0,0,RAINING,WET,FALSE,REAR END IN TRAFFIC LANES BOTH VEHICLES MOVING,REAR END,STRAIGHT & LEVEL,DARK-HWY LIGHTED/ON,US 31W Bypass to KY 3005,Before
24206944,HARDIN,US0031W,,DIXIE,AVE,37.72782938,-85.88379423,19.444,11/4/2018,2000,2,2,0,0,RAINING,WET,FALSE,1 VEHICLE ENTERING/LEAVING ENTRANCE,ANGLE,STRAIGHT & LEVEL,DARK-HWY LIGHTED/ON,US 31W Bypass to KY 3005,Before
24298949,HARDIN,US0031W,1504,DIXIE,AVE,37.72600623,-85.88322505,19.317,11/21/2018,1526,2,2,0,0,CLEAR,DRY,FALSE,1 VEHICLE ENTERING/LEAVING ENTRANCE,ANGLE,STRAIGHT & LEVEL,DAYLIGHT,US 31W Bypass to KY 3005,Before
24437361,HARDIN,US0031W,,DIXIE,AVE,37.72027902,-85.88029738,18.895,11/30/2018,1619,2,2,0,0,CLOUDY,WET,FALSE,REAR END IN TRAFFIC LANES BOTH VEHICLES MOVING,REAR END,STRAIGHT & LEVEL,DAYLIGHT,US 31W Bypass to KY 3005,Before
24363606,HARDIN,US0031W,,DIXIE,AVE,37.72685863,-85.88354551,19.377,12/11/2018,1650,2,2,0,0,CLEAR,DRY,FALSE,REAR END IN TRAFFIC LANES BOTH VEHICLES MOVING,REAR END,STRAIGHT & HILLCREST,DAYLIGHT,US 31W Bypass to KY 3005,Before
24394367,HARDIN,US0031W,,DIXIE,AVE,37.72817732,-85.88393098,19.469,12/15/2018,1257,2,2,0,0,CLOUDY,WET,FALSE,OTHER ROADWAY OR MID-BLOCK COLLISION,REAR END,STRAIGHT & LEVEL,DAYLIGHT,US 31W Bypass to KY 3005,Before
24437398,HARDIN,US0031W,,DIXIE,AVE,37.72363205,-85.88177145,19.139,12/20/2018,1648,2,2,0,1,RAINING,WET,FALSE,REAR END IN TRAFFIC LANES BOTH VEHICLES MOVING,REAR END,STRAIGHT & LEVEL,DAYLIGHT,US 31W Bypass to KY 3005,Before
24416849,HARDIN,US0031W,,DIXIE,AVE,37.72066785,-85.88018136,18.919,12/20/2018,1733,2,2,0,0,RAINING,WET,FALSE,REAR END IN TRAFFIC LANES BOTH VEHICLES MOVING,REAR END,STRAIGHT & LEVEL,DUSK,US 31W Bypass to KY 3005,Before
24533298,HARDIN,US0031W,,DIXIE,AVE,37.71929459,-85.87982016,18.826,12/29/2018,2018,2,2,0,0,CLEAR,DRY,FALSE,OPPOSING LEFT TURN,OPPOSING LEFT TURN,STRAIGHT & LEVEL,DARK-HWY LIGHTED/ON,US 31W Bypass to KY 3005,Before